File Name,PDF Source,Page,Quality,Unique Code,Q1,Q2,Q3,Q4,Q5,Q6,Q7,Q8,Q9,Q10,Q11,Q12,Q13,Q14,Q15,Status
Set 1 Page 3 (80 OMR)_page1,Set 1 Page 3 (80 OMR).pdf,1,Good,200001,7,CBSE,"Math, Physics, Chemistry, Biology, Computer Science, English, Hindi/Regional, History, Geography, Economics",Skipped,Avg,"Sports, Music, Dance, Theatre, Debate","IT/Software, Finance, Medicine, Business",Skipped,No,Maybe,Office,,Skipped,No,,Success
Set 1 Page 3 (80 OMR)_page2,Set 1 Page 3 (80 OMR).pdf,2,Good,200003,7,CBSE,"Math, Physics, Chemistry, Biology, Computer Science, English, Hindi/Regional, History",Skipped,Avg,"Sports, Music, Dance, Theatre, Debate","IT/Software, Finance",,Yes definitely,Maybe,Office,,Skipped,No,"Engineering, Medicine, Design/Art",Success
Set 1 Page 3 (80 OMR)_page3,Set 1 Page 3 (80 OMR).pdf,3,Good,200005,7,CBSE,"Math, Physics, Chemistry, Biology, Computer Science, English, Hindi/Regional",Skipped,Top30,"Sports, Music, Dance","IT/Software, Finance, Medicine, Business",Skipped,Yes definitely,Maybe,,,Skipped,Maybe,Engineering,Success
Set 1 Page 3 (80 OMR)_page4,Set 1 Page 3 (80 OMR).pdf,4,Good,200006,7,CBSE,"Math, Physics",Skipped,Work,"Sports, Music",IT/Software,Skipped,No,Yes,Office,Skipped,Skipped,No,,Success
Set 1 Page 3 (80 OMR)_page5,Set 1 Page 3 (80 OMR).pdf,5,Good,200008,7,CBSE,"Math, Physics, Chemistry, Biology, Computer Science, English, Hindi/Regional, History, Geography, Economics, Account, Business",Skipped,Top5,"Sports, Music, Dance, Theatre, Debate","IT/Software, Finance",Skipped,Yes definitely,Yes,,,Skipped,No,,Success
Set 1 Page 3 (80 OMR)_page6,Set 1 Page 3 (80 OMR).pdf,6,Good,200009,7,CBSE,"Math, Physics, Chemistry, Biology",,Top30,Sports,IT/Software,Skipped,No,No,,Skipped,Skipped,Maybe,,Success
Set 1 Page 3 (80 OMR)_page7,Set 1 Page 3 (80 OMR).pdf,7,Good,200013,7,CBSE,"Math, Physics, Chemistry, Biology, Computer Science, English, Hindi/Regional, History, Geography, Economics, Account, Business",,Top10,"Sports, Music, Dance, Theatre, Debate, Robotics","IT/Software, Finance, Medicine",Skipped,Maybe,Yes,,Skipped,Skipped,Maybe,,Success
Set 1 Page 3 (80 OMR)_page8,Set 1 Page 3 (80 OMR).pdf,8,Good,200014,7,CBSE,"Math, Physics, Chemistry, Biology, Computer Science, English, Hindi/Regional, History, Geography, Economics, Account, Business",Skipped,Top1,"Sports, Music, Dance, Theatre, Debate, Robotics",IT/Software,Skipped,Yes definitely,Yes,,,Skipped,No,,Success
Set 1 Page 3 (80 OMR)_page9,Set 1 Page 3 (80 OMR).pdf,9,Good,200015,7,CBSE,"Math, Physics, Chemistry, Biology, Computer Science, English, Hindi/Regional, History, Geography, Economics, Account, Business, Art/Design",,Top10,"Sports, Music, Dance, Theatre, Debate, Robotics, Art, Service, Entrepreneurship, Internship","IT/Software, Finance, Medicine",Skipped,Yes definitely,No,,,Skipped,Maybe,,Success
Set 1 Page 3 (80 OMR)_page10,Set 1 Page 3 (80 OMR).pdf,10,Good,200017,7,CBSE,Math,,Top5,Sports,IT/Software,Skipped,No,Yes,,,Skipped,No,,Success
Set 1 Page 3 (80 OMR)_page11,Set 1 Page 3 (80 OMR).pdf,11,Good,200019,7,CBSE,"Math, Physics, Chemistry, Biology, Computer Science, English, Hindi/Regional, History, Geography",,Top30,"Sports, Music, Dance, Theatre, Debate, Robotics, Art","IT/Software, Finance, Medicine, Business",Skipped,Yes definitely,Maybe,,,Skipped,Yes,,Success
Set 1 Page 3 (80 OMR)_page13,Set 1 Page 3 (80 OMR).pdf,13,Good,200020,9,CBSE,Math,Skipped,Top10,"Sports, Music",IT/Software,Skipped,Maybe,Maybe,,,Skipped,No,,Success
Set 1 Page 3 (80 OMR)_page12,Set 1 Page 3 (80 OMR).pdf,12,Good,200021,9,CBSE,"Math, Physics, Chemistry",,Top10,"Sports, Music, Dance","IT/Software, Finance, Medicine, Business",Skipped,Yes definitely,Yes,,,Skipped,Yes,,Success
Set 1 Page 3 (80 OMR)_page14,Set 1 Page 3 (80 OMR).pdf,14,Good,200022,9,CBSE,"Math, Physics, Chemistry, Biology",Skipped,Top1,"Sports, Music, Dance",,Skipped,No,,,Skipped,Skipped,,,Success
Set 1 Page 3 (80 OMR)_page15,Set 1 Page 3 (80 OMR).pdf,15,Good,200023,7,CBSE,"Math, Physics, Chemistry, Biology, Computer Science",Skipped,Top1,"Sports, Music, Dance","IT/Software, Finance",Skipped,No,,,Skipped,Skipped,Yes,,Success
Set 1 Page 3 (80 OMR)_page16,Set 1 Page 3 (80 OMR).pdf,16,Good,200024,7,CBSE,"Math, Physics, Chemistry, Biology, Computer Science, English, Hindi/Regional, History, Geography",Skipped,Top10,"Sports, Music, Dance","IT/Software, Finance, Medicine",,Yes definitely,Yes,,,Skipped,No,,Success
Set 1 Page 3 (80 OMR)_page17,Set 1 Page 3 (80 OMR).pdf,17,Good,200025,9,CBSE,"Math, Physics, Chemistry",Skipped,Top30,"Sports, Music",IT/Software,Skipped,Yes definitely,Maybe,,,Skipped,Yes,,Success
Set 1 Page 3 (80 OMR)_page18,Set 1 Page 3 (80 OMR).pdf,18,Good,200026,6,CBSE,"Math, Physics, Chemistry, Biology, Computer Science",Skipped,Top10,"Sports, Music, Dance, Theatre, Debate","IT/Software, Finance",Skipped,Yes definitely,Maybe,,,Skipped,Maybe,,Success
Set 1 Page 3 (80 OMR)_page19,Set 1 Page 3 (80 OMR).pdf,19,Good,200027,9,CBSE,"Math, Physics, Chemistry, Biology, Computer Science, English",Skipped,Top10,"Sports, Music, Dance, Theatre, Debate, Robotics",,Skipped,Yes definitely,No,,,Skipped,Yes,,Success
Set 1 Page 3 (80 OMR)_page20,Set 1 Page 3 (80 OMR).pdf,20,Good,200030,9,CBSE,"Math, Physics, Chemistry, Biology, Computer Science, English, Hindi/Regional, History, Geography, Economics, Account",Skipped,Top10,"Sports, Music, Dance, Theatre, Debate","IT/Software, Finance, Medicine",Skipped,Yes definitely,Yes,Field,,Skipped,Yes,,Success
Set 1 Page 3 (80 OMR)_page21,Set 1 Page 3 (80 OMR).pdf,21,Good,200031,9,CBSE,"Math, Physics, Chemistry, Biology, Computer Science, English, Hindi/Regional, History, Geography, Economics, Account",Skipped,Top10,"Sports, Music","IT/Software, Finance, Medicine",Skipped,No,Maybe,,,Skipped,Yes,,Success
Set 1 Page 3 (80 OMR)_page22,Set 1 Page 3 (80 OMR).pdf,22,Good,200032,9,CBSE,"Math, Physics, Chemistry, Biology, Computer Science, English, Hindi/Regional, History, Geography, Economics",,Top10,"Sports, Music, Dance, Theatre, Debate",IT/Software,Skipped,Yes definitely,Yes,,,Skipped,No,,Success
Set 1 Page 3 (80 OMR)_page23,Set 1 Page 3 (80 OMR).pdf,23,Good,200033,9,CBSE,"Math, Physics, Chemistry, Biology",Skipped,Top10,"Sports, Music, Dance, Theatre",IT/Software,Skipped,Yes definitely,Maybe,,,Skipped,No,,Success
Set 1 Page 3 (80 OMR)_page24,Set 1 Page 3 (80 OMR).pdf,24,Good,200035,6,CBSE,"Math, Physics, Chemistry, Biology, Computer Science, English, Hindi/Regional, History",,Work,"Sports, Music, Dance","IT/Software, Finance, Medicine",Skipped,Yes definitely,Maybe,,,Skipped,Maybe,,Success
Set 1 Page 3 (80 OMR)_page25,Set 1 Page 3 (80 OMR).pdf,25,Good,200036,9,CBSE,"Math, Physics, Chemistry, Biology",,Top30,"Sports, Music, Dance, Theatre","IT/Software, Finance",Skipped,Maybe,Maybe,Office,,Skipped,Maybe,,Success
Set 1 Page 3 (80 OMR)_page26,Set 1 Page 3 (80 OMR).pdf,26,Good,200037,9,CBSE,"Math, Physics, Chemistry, Biology, Computer Science, English, Hindi/Regional, History",,Work,"Sports, Music, Dance","IT/Software, Finance, Medicine",Skipped,Yes definitely,No,,,Skipped,No,,Success
Set 1 Page 3 (80 OMR)_page27,Set 1 Page 3 (80 OMR).pdf,27,Good,200038,9,CBSE,"Math, Physics, Chemistry, Biology, Computer Science, English, Hindi/Regional, History, Geography, Economics",,Top5,"Sports, Music, Dance, Theatre, Debate, Robotics, Art","IT/Software, Finance",Skipped,No,Yes,,,Skipped,Yes,,Success
Set 1 Page 3 (80 OMR)_page28,Set 1 Page 3 (80 OMR).pdf,28,Good,200039,7,CBSE,"Math, Physics, Chemistry, Biology",,Top1,"Sports, Music","IT/Software, Finance, Medicine, Business",Skipped,Maybe,No,,,Skipped,Yes,,Success
Set 1 Page 3 (80 OMR)_page29,Set 1 Page 3 (80 OMR).pdf,29,Good,200040,8,CBSE,"Math, Physics, Chemistry, Biology",Skipped,Top5,Sports,,Skipped,Yes definitely,Yes,,,Skipped,Yes,,Success
Set 1 Page 3 (80 OMR)_page30,Set 1 Page 3 (80 OMR).pdf,30,Good,200042,8,CBSE,"Math, Physics, Chemistry, Biology, Computer Science",Skipped,Avg,"Sports, Music, Dance",,Skipped,Yes definitely,Yes,,,Skipped,Maybe,,Success
Set 1 Page 3 (80 OMR)_page31,Set 1 Page 3 (80 OMR).pdf,31,Good,200043,8,CBSE,Math,,Top30,"Sports, Music, Dance, Theatre",IT/Software,Skipped,Yes definitely,Yes,,Skipped,Skipped,Yes,,Success
Set 1 Page 3 (80 OMR)_page32,Set 1 Page 3 (80 OMR).pdf,32,Good,200044,8,CBSE,"Math, Physics, Chemistry, Biology",Skipped,Top10,Sports,IT/Software,Skipped,Maybe,No,,,Skipped,Yes,,Success
Set 1 Page 3 (80 OMR)_page33,Set 1 Page 3 (80 OMR).pdf,33,Good,200045,8,CBSE,"Math, Physics, Chemistry, Biology, Computer Science, English, Hindi/Regional, History, Geography, Economics, Account",Skipped,Top1,"Sports, Music, Dance, Theatre, Debate","IT/Software, Finance, Medicine",Skipped,Yes definitely,Yes,Field,Skipped,Skipped,Yes,,Success
Set 1 Page 3 (80 OMR)_page34,Set 1 Page 3 (80 OMR).pdf,34,Good,200046,9,CBSE,"Math, Physics, Chemistry, Biology, Computer Science, English, Hindi/Regional, History",Skipped,Top1,"Sports, Music, Dance, Theatre, Debate","IT/Software, Finance, Medicine",Skipped,Maybe,Maybe,,,Skipped,Maybe,,Success
Set 1 Page 3 (80 OMR)_page35,Set 1 Page 3 (80 OMR).pdf,35,Good,200047,9,CBSE,"Math, Physics, Chemistry, Biology, Computer Science, English",,Work,"Sports, Music, Dance, Theatre, Debate","IT/Software, Finance",Skipped,Yes definitely,Yes,,,Skipped,Maybe,,Success
Set 1 Page 3 (80 OMR)_page36,Set 1 Page 3 (80 OMR).pdf,36,Good,200048,9,CBSE,"Math, Physics, Chemistry, Biology, Computer Science, English, Hindi/Regional, History, Geography, Economics",,Avg,"Sports, Music, Dance, Theatre, Debate, Robotics, Art",IT/Software,Skipped,Yes definitely,No,,,Skipped,Yes,,Success
Set 1 Page 3 (80 OMR)_page37,Set 1 Page 3 (80 OMR).pdf,37,Good,200049,9,CBSE,"Math, Physics, Chemistry, Biology, Computer Science, English, Hindi/Regional, History, Geography, Economics, Account",,Top10,"Sports, Music, Dance, Theatre, Debate",IT/Software,Skipped,Yes definitely,Yes,,,Skipped,Maybe,,Success
Set 1 Page 3 (80 OMR)_page38,Set 1 Page 3 (80 OMR).pdf,38,Good,200050,8,CBSE,"Math, Physics, Chemistry, Biology, Computer Science, English",Skipped,Top10,,,Skipped,Yes definitely,Yes,,,Skipped,Yes,,Success
Set 1 Page 3 (80 OMR)_page39,Set 1 Page 3 (80 OMR).pdf,39,Good,200051,7,CBSE,"Math, Physics, Chemistry, Biology, Computer Science, English, Hindi/Regional, History",,Top5,Sports,,Skipped,Maybe,Yes,,,Skipped,Yes,,Success
Set 1 Page 3 (80 OMR)_page40,Set 1 Page 3 (80 OMR).pdf,40,Good,200052,7,CBSE,Math,Skipped,Top1,"Sports, Music, Dance, Theatre",IT/Software,Skipped,Yes definitely,Maybe,,,Skipped,Yes,,Success
Set 1 Page 3 (80 OMR)_page41,Set 1 Page 3 (80 OMR).pdf,41,Good,200053,7,CBSE,"Math, Physics, Chemistry, Biology, Computer Science, English, Hindi/Regional, History, Geography",Skipped,Top1,"Sports, Music, Dance, Theatre, Debate",IT/Software,Skipped,Maybe,Maybe,,,Skipped,Yes,,Success
Set 1 Page 3 (80 OMR)_page42,Set 1 Page 3 (80 OMR).pdf,42,Good,200054,9,CBSE,"Math, Physics, Chemistry, Biology, Computer Science",Skipped,Work,,,Skipped,Yes definitely,Yes,,,Skipped,Yes,,Success
Set 1 Page 3 (80 OMR)_page43,Set 1 Page 3 (80 OMR).pdf,43,Good,200055,9,CBSE,"Math, Physics, Chemistry, Biology, Computer Science, English, Hindi/Regional, History, Geography",Skipped,,"Sports, Music, Dance, Theatre, Debate","IT/Software, Finance, Medicine, Business",Skipped,No,Maybe,,,Skipped,Yes,,Success
Set 1 Page 3 (80 OMR)_page44,Set 1 Page 3 (80 OMR).pdf,44,Good,200056,9,CBSE,"Math, Physics",,Avg,"Sports, Music","IT/Software, Finance, Medicine",Skipped,Yes definitely,Yes,,,Skipped,Yes,,Success
Set 1 Page 3 (80 OMR)_page45,Set 1 Page 3 (80 OMR).pdf,45,Good,200057,9,CBSE,"Math, Physics, Chemistry, Biology, Computer Science, English, Hindi/Regional, History, Geography, Economics, Account, Business, Art/Design",Skipped,Top1,"Sports, Music, Dance, Theatre, Debate, Robotics",IT/Software,Skipped,No,Yes,,,Skipped,Maybe,,Success
Set 1 Page 3 (80 OMR)_page46,Set 1 Page 3 (80 OMR).pdf,46,Good,200058,7,CBSE,"Math, Physics, Chemistry, Biology, Computer Science, English, Hindi/Regional, History, Geography, Economics",Skipped,Top10,"Sports, Music, Dance, Theatre","IT/Software, Finance",Skipped,Yes definitely,Yes,,Skipped,Skipped,No,,Success
Set 1 Page 3 (80 OMR)_page47,Set 1 Page 3 (80 OMR).pdf,47,Good,200059,7,CBSE,"Math, Physics, Chemistry, Biology",,Work,Sports,IT/Software,Skipped,No,Maybe,,,Skipped,Yes,,Success
Set 1 Page 3 (80 OMR)_page48,Set 1 Page 3 (80 OMR).pdf,48,Good,200060,7,CBSE,"Math, Physics, Chemistry, Biology, Computer Science",Skipped,Top30,"Sports, Music",,Skipped,Yes definitely,Yes,Office,,Skipped,No,,Success
Set 1 Page 3 (80 OMR)_page49,Set 1 Page 3 (80 OMR).pdf,49,Good,200063,7,CBSE,"Math, Physics, Chemistry, Biology",,Top1,"Sports, Music, Dance, Theatre, Debate, Robotics",IT/Software,Skipped,No,No,Office,,Skipped,Yes,,Success
Set 1 Page 3 (80 OMR)_page50,Set 1 Page 3 (80 OMR).pdf,50,Good,200064,7,CBSE,"Math, Physics, Chemistry, Biology, Computer Science, English",,Top1,"Sports, Music, Dance",IT/Software,Skipped,Maybe,Yes,,,Skipped,Yes,,Success
Set 2 Page 3 (50 OMR)_page2,Set 2 Page 3 (50 OMR).pdf,2,Good,200067,7,CBSE,"Math, Physics",Skipped,,,,Skipped,Yes definitely,,,Skipped,,,,Success
Set 2 Page 3 (50 OMR)_page1,Set 2 Page 3 (50 OMR).pdf,1,Good,200069,9,CBSE,"Math, Physics, Chemistry, Biology, Computer Science",Skipped,Top10,,,Skipped,Yes definitely,,,Skipped,,,,Success
Set 2 Page 3 (50 OMR)_page3,Set 2 Page 3 (50 OMR).pdf,3,Good,200070,6,CBSE,"Math, Physics",Skipped,,,,Skipped,Yes definitely,,,Skipped,Skipped,,,Success
Set 2 Page 3 (50 OMR)_page4,Set 2 Page 3 (50 OMR).pdf,4,Good,200071,6,CBSE,"Math, Physics, Chemistry, Biology, Computer Science",Skipped,Top5,Sports,,Skipped,Maybe,,Office,Skipped,Skipped,,,Success
Set 2 Page 3 (50 OMR)_page5,Set 2 Page 3 (50 OMR).pdf,5,Good,200072,6,CBSE,Math,Skipped,Top1,,,Skipped,No,,Office,Skipped,,,,Success
Set 2 Page 3 (50 OMR)_page6,Set 2 Page 3 (50 OMR).pdf,6,Good,200073,6,CBSE,"Math, Physics",Skipped,Top1,,,Skipped,Yes definitely,,,Skipped,Skipped,,,Success
Set 2 Page 3 (50 OMR)_page7,Set 2 Page 3 (50 OMR).pdf,7,Good,200076,6,CBSE,"Math, Physics, Chemistry, Biology, Computer Science",Skipped,Top10,Sports,,Skipped,No,,,Skipped,Skipped,,,Success
Set 2 Page 3 (50 OMR)_page8,Set 2 Page 3 (50 OMR).pdf,8,Good,200079,6,CBSE,"Math, Physics, Chemistry",Skipped,Top1,"Sports, Music",,Skipped,Yes definitely,,,Skipped,,,,Success
Set 2 Page 3 (50 OMR)_page9,Set 2 Page 3 (50 OMR).pdf,9,Good,200080,7,CBSE,"Math, Physics, Chemistry, Biology, Computer Science",Skipped,,,IT/Software,Skipped,Maybe,,,Skipped,Skipped,,,Success
Set 2 Page 3 (50 OMR)_page10,Set 2 Page 3 (50 OMR).pdf,10,Good,200081,6,CBSE,"Math, Physics",Skipped,Top1,,"IT/Software, Finance",Skipped,No,Yes,Hybrid,Skipped,Skipped,,,Success
Set 2 Page 3 (50 OMR)_page11,Set 2 Page 3 (50 OMR).pdf,11,Good,200082,6,CBSE,"Math, Physics, Chemistry, Biology",Skipped,Top1,"Sports, Music, Dance",,Skipped,Yes definitely,Yes,,Skipped,Skipped,,,Success
Set 2 Page 3 (50 OMR)_page12,Set 2 Page 3 (50 OMR).pdf,12,Good,200083,6,CBSE,Math,Skipped,Top1,"Sports, Music",,Skipped,No,,,Skipped,Skipped,,,Success
Set 2 Page 3 (50 OMR)_page13,Set 2 Page 3 (50 OMR).pdf,13,Good,200084,6,CBSE,"Math, Physics",Skipped,Top5,Sports,,Skipped,No,,,Skipped,Skipped,,,Success
Set 2 Page 3 (50 OMR)_page14,Set 2 Page 3 (50 OMR).pdf,14,Good,200085,6,CBSE,"Math, Physics, Chemistry, Biology",Skipped,Top1,"Sports, Music",,Skipped,Maybe,,,Skipped,Skipped,,,Success
Set 2 Page 3 (50 OMR)_page15,Set 2 Page 3 (50 OMR).pdf,15,Good,200086,6,CBSE,"Math, Physics, Chemistry, Biology, Computer Science, English, Hindi/Regional",Skipped,Top1,Sports,IT/Software,Skipped,No,Yes,,Skipped,Skipped,,,Success
Set 2 Page 3 (50 OMR)_page16,Set 2 Page 3 (50 OMR).pdf,16,Good,200087,6,CBSE,"Math, Physics, Chemistry, Biology",Skipped,,,,Skipped,Yes definitely,,,Skipped,Skipped,,,Success
Set 2 Page 3 (50 OMR)_page17,Set 2 Page 3 (50 OMR).pdf,17,Good,200088,6,CBSE,Math,Skipped,Top1,Sports,,Skipped,Maybe,,,Skipped,Skipped,,,Success
Set 2 Page 3 (50 OMR)_page18,Set 2 Page 3 (50 OMR).pdf,18,Good,200089,6,CBSE,"Math, Physics, Chemistry, Biology, Computer Science, English",Skipped,Top1,,IT/Software,Skipped,Yes definitely,,,Skipped,Skipped,,,Success
Set 2 Page 3 (50 OMR)_page19,Set 2 Page 3 (50 OMR).pdf,19,Good,200090,6,CBSE,"Math, Physics, Chemistry, Biology",Skipped,Top5,Sports,IT/Software,Skipped,Maybe,,,Skipped,Skipped,,,Success
Set 2 Page 3 (50 OMR)_page20,Set 2 Page 3 (50 OMR).pdf,20,Good,200091,6,CBSE,"Math, Physics, Chemistry, Biology, Computer Science, English, Hindi/Regional, History, Geography, Economics",Skipped,Top1,,,Skipped,Yes definitely,,,Skipped,Skipped,,,Success
Set 2 Page 3 (50 OMR)_page21,Set 2 Page 3 (50 OMR).pdf,21,Good,200092,6,CBSE,"Math, Physics, Chemistry",Skipped,,"Sports, Music, Dance",,Skipped,Yes definitely,,,Skipped,Skipped,,,Success
Set 2 Page 3 (50 OMR)_page22,Set 2 Page 3 (50 OMR).pdf,22,Good,200093,6,CBSE,"Math, Physics, Chemistry, Biology, Computer Science, English, Hindi/Regional, History, Geography, Economics, Account",Skipped,Top5,"Sports, Music",,Skipped,Yes definitely,Yes,Office,Skipped,Skipped,,,Success
Set 2 Page 3 (50 OMR)_page23,Set 2 Page 3 (50 OMR).pdf,23,Good,200094,6,CBSE,"Math, Physics, Chemistry",Skipped,Top10,Sports,IT/Software,Skipped,Maybe,,Office,Skipped,Skipped,,,Success
Set 2 Page 3 (50 OMR)_page24,Set 2 Page 3 (50 OMR).pdf,24,Good,200095,6,,"Math, Physics, Chemistry, Biology, Computer Science, English",Skipped,Top5,Sports,,Skipped,Yes definitely,,,Skipped,Skipped,,,Success
Set 2 Page 3 (50 OMR)_page25,Set 2 Page 3 (50 OMR).pdf,25,Good,200096,6,CBSE,"Math, Physics, Chemistry",Skipped,Top1,"Sports, Music",,Skipped,Maybe,,,Skipped,,,,Success
Set 2 Page 3 (50 OMR)_page26,Set 2 Page 3 (50 OMR).pdf,26,Good,200097,6,CBSE,"Math, Physics, Chemistry, Biology",Skipped,Top10,,IT/Software,Skipped,Yes definitely,Yes,Office,Skipped,,,,Success
Set 2 Page 3 (50 OMR)_page27,Set 2 Page 3 (50 OMR).pdf,27,Good,200098,6,CBSE,"Math, Physics",Skipped,Top5,Sports,,Skipped,Yes definitely,Maybe,Office,Skipped,Skipped,,,Success
Set 2 Page 3 (50 OMR)_page28,Set 2 Page 3 (50 OMR).pdf,28,Good,200099,6,CBSE,"Math, Physics, Chemistry, Biology, Computer Science",Skipped,Top5,Sports,,Skipped,Yes definitely,Yes,,Skipped,Skipped,,,Success
Set 2 Page 3 (50 OMR)_page29,Set 2 Page 3 (50 OMR).pdf,29,Good,200100,6,Others,"Math, Physics, Chemistry, Biology",Skipped,Top1,Sports,,Skipped,Maybe,,,Skipped,Skipped,,,Success
Set 2 Page 3 (50 OMR)_page30,Set 2 Page 3 (50 OMR).pdf,30,Good,200101,6,CBSE,"Math, Physics, Chemistry, Biology",Skipped,Top1,"Sports, Music",,Skipped,Maybe,No,,Skipped,Skipped,,,Success
Set 2 Page 3 (50 OMR)_page31,Set 2 Page 3 (50 OMR).pdf,31,Good,200102,10,CBSE,"Math, Physics",Skipped,,,IT/Software,Skipped,Yes definitely,Yes,,Skipped,Skipped,,,Success
Set 2 Page 3 (50 OMR)_page32,Set 2 Page 3 (50 OMR).pdf,32,Good,200103,10,CBSE,"Math, Physics, Chemistry",Skipped,Top5,Sports,,Skipped,Maybe,Yes,,Skipped,Skipped,,,Success
Set 2 Page 3 (50 OMR)_page33,Set 2 Page 3 (50 OMR).pdf,33,Good,200104,10,CBSE,"Math, Physics",Skipped,,,,Skipped,No,Maybe,,Skipped,,,,Success
Set 2 Page 3 (50 OMR)_page34,Set 2 Page 3 (50 OMR).pdf,34,Good,200105,10,CBSE,"Math, Physics, Chemistry, Biology",Skipped,Top10,Sports,IT/Software,Skipped,Maybe,Maybe,Office,Skipped,Skipped,,,Success
Set 2 Page 3 (50 OMR)_page35,Set 2 Page 3 (50 OMR).pdf,35,Good,200106,10,CBSE,"Math, Physics, Chemistry, Biology",Skipped,Top1,"Sports, Music",,Skipped,Yes definitely,Maybe,Office,Skipped,Skipped,,,Success
Set 2 Page 3 (50 OMR)_page36,Set 2 Page 3 (50 OMR).pdf,36,Good,200107,10,CBSE,"Math, Physics, Chemistry, Biology",Skipped,,,IT/Software,Skipped,Maybe,Yes,,Skipped,,Yes,,Success
Set 2 Page 3 (50 OMR)_page37,Set 2 Page 3 (50 OMR).pdf,37,Good,200108,10,CBSE,"Math, Physics, Chemistry, Biology",Skipped,Top1,,"IT/Software, Finance, Medicine",Skipped,Maybe,,Office,Skipped,,Yes,,Success
Set 2 Page 3 (50 OMR)_page38,Set 2 Page 3 (50 OMR).pdf,38,Good,200109,10,CBSE,"Math, Physics",Skipped,Top10,Sports,,Skipped,Yes definitely,,,Skipped,Skipped,,,Success
Set 2 Page 3 (50 OMR)_page39,Set 2 Page 3 (50 OMR).pdf,39,Good,200110,10,ICSE,,Skipped,Top1,,,Skipped,Yes definitely,,,Skipped,,,,Success
Set 2 Page 3 (50 OMR)_page40,Set 2 Page 3 (50 OMR).pdf,40,Good,200111,10,CBSE,"Math, Physics, Chemistry, Biology",Skipped,,Sports,,Skipped,Yes definitely,Yes,,Skipped,Skipped,,,Success
Set 2 Page 3 (50 OMR)_page41,Set 2 Page 3 (50 OMR).pdf,41,Good,200112,10,CBSE,Math,Skipped,,Sports,,Skipped,No,,,Skipped,Skipped,,,Success
Set 2 Page 3 (50 OMR)_page42,Set 2 Page 3 (50 OMR).pdf,42,Good,200113,10,CBSE,"Math, Physics, Chemistry, Biology, Computer Science, English",Skipped,,,,Skipped,Maybe,,Office,Skipped,Skipped,,,Success
Set 2 Page 3 (50 OMR)_page43,Set 2 Page 3 (50 OMR).pdf,43,Good,200114,10,CBSE,"Math, Physics, Chemistry, Biology, Computer Science",Skipped,Top1,,,Skipped,Yes definitely,,,Skipped,,,,Success
Set 2 Page 3 (50 OMR)_page44,Set 2 Page 3 (50 OMR).pdf,44,Good,200115,10,CBSE,Math,Skipped,Top1,,IT/Software,Skipped,Yes definitely,,,Skipped,Skipped,,,Success
Set 2 Page 3 (50 OMR)_page45,Set 2 Page 3 (50 OMR).pdf,45,Good,200116,10,CBSE,"Math, Physics",Skipped,,,,Skipped,Yes definitely,,,Skipped,,,,Success
Set 2 Page 3 (50 OMR)_page46,Set 2 Page 3 (50 OMR).pdf,46,Good,200117,10,CBSE,"Math, Physics, Chemistry, Biology, Computer Science, English",Skipped,Top1,Sports,,Skipped,Yes definitely,,,Skipped,Skipped,,,Success
Set 2 Page 3 (50 OMR)_page47,Set 2 Page 3 (50 OMR).pdf,47,Good,200118,10,CBSE,"Math, Physics, Chemistry, Biology, Computer Science, English, Hindi/Regional, History",Skipped,Top5,Sports,,Skipped,No,,,Skipped,Skipped,,,Success
Set 2 Page 3 (50 OMR)_page48,Set 2 Page 3 (50 OMR).pdf,48,Good,200119,10,CBSE,Math,Skipped,,,,Skipped,Yes definitely,No,,Skipped,,,,Success
Set 2 Page 3 (50 OMR)_page49,Set 2 Page 3 (50 OMR).pdf,49,Good,200120,10,CBSE,Math,Skipped,Top1,,,Skipped,Yes definitely,,,Skipped,,,,Success
Set 1 Page 3 (80 OMR)_page80,Set 1 Page 3 (80 OMR).pdf,80,Good,200121,10,Others,"Math, Physics, Chemistry, Biology, Computer Science, English, Hindi/Regional",Skipped,,"Sports, Music, Dance, Theatre, Debate, Robotics, Art, Service, Entrepreneurship","IT/Software, Finance",,Yes definitely,Yes,Depends,,Skipped,Yes,,Success
Set 2 Page 3 (50 OMR)_page50,Set 2 Page 3 (50 OMR).pdf,50,Good,200121,10,CBSE,"Math, Physics, Chemistry, Biology, Computer Science, English",Skipped,Top1,"Sports, Music",IT/Software,Skipped,No,,,Skipped,Skipped,,,Success
Set 1 Page 3 (80 OMR)_page51,Set 1 Page 3 (80 OMR).pdf,51,Good,200122,10,CBSE,"Math, Physics, Chemistry, Biology",Skipped,Work,,"IT/Software, Finance",Skipped,Maybe,Maybe,Office,Skipped,Skipped,Yes,,Success
Set 1 Page 3 (80 OMR)_page52,Set 1 Page 3 (80 OMR).pdf,52,Good,200123,10,CBSE,"Math, Physics, Chemistry, Biology, Computer Science, English, Hindi/Regional, History, Geography, Economics, Account, Business, Art/Design",Skipped,Avg,"Sports, Music, Dance, Theatre, Debate, Robotics",IT/Software,Skipped,Yes definitely,No,,,Skipped,No,,Success
Set 1 Page 3 (80 OMR)_page53,Set 1 Page 3 (80 OMR).pdf,53,Good,200124,10,CBSE,"Math, Physics, Chemistry, Biology, Computer Science, English, Hindi/Regional, History, Geography, Economics, Account",Skipped,Top30,"Sports, Music, Dance, Theatre","IT/Software, Finance, Medicine, Business",Skipped,Maybe,Yes,,,Skipped,Yes,,Success
Set 1 Page 3 (80 OMR)_page54,Set 1 Page 3 (80 OMR).pdf,54,Good,200125,6,ICSE,"Math, Physics, Chemistry, Biology",Skipped,Top10,"Sports, Music, Dance, Theatre, Debate, Robotics",IT/Software,Skipped,Yes definitely,Yes,,Skipped,Skipped,Yes,,Success
Set 1 Page 3 (80 OMR)_page55,Set 1 Page 3 (80 OMR).pdf,55,Good,200126,6,CBSE,"Math, Physics, Chemistry, Biology, Computer Science, English, Hindi/Regional, History",,Top30,"Sports, Music, Dance, Theatre","IT/Software, Finance, Medicine",Skipped,Yes definitely,Yes,,,Skipped,Yes,,Success
Set 1 Page 3 (80 OMR)_page56,Set 1 Page 3 (80 OMR).pdf,56,Good,200127,12,CBSE,"Math, Physics, Chemistry, Biology, Computer Science, English, Hindi/Regional, History",,Top30,"Sports, Music, Dance, Theatre, Debate, Robotics, Art","IT/Software, Finance, Medicine, Business",Skipped,Maybe,Maybe,,,Skipped,Yes,,Success
Set 1 Page 3 (80 OMR)_page57,Set 1 Page 3 (80 OMR).pdf,57,Good,200128,6,CBSE,"Math, Physics, Chemistry, Biology, Computer Science, English, Hindi/Regional, History, Geography, Economics, Account",,Work,"Sports, Music, Dance, Theatre, Debate, Robotics, Art","IT/Software, Finance, Medicine",Skipped,No,Yes,,,Skipped,No,Engineering,Success
Set 1 Page 3 (80 OMR)_page58,Set 1 Page 3 (80 OMR).pdf,58,Good,200129,6,CBSE,"Math, Physics, Chemistry, Biology, Computer Science, English, Hindi/Regional, History, Geography",Skipped,Avg,"Sports, Music, Dance","IT/Software, Finance, Medicine, Business, Government",,Maybe,Maybe,Depends,,,Yes,"Engineering, Medicine, Design/Art, Business",Success
Set 1 Page 3 (80 OMR)_page59,Set 1 Page 3 (80 OMR).pdf,59,Good,200130,6,CBSE,"Math, Physics, Chemistry, Biology, Computer Science, English, Hindi/Regional, History, Geography, Economics, Account",Skipped,Top5,"Sports, Music, Dance, Theatre, Debate",IT/Software,Skipped,Yes definitely,Yes,Field,Skipped,Skipped,Yes,,Success
Set 1 Page 3 (80 OMR)_page60,Set 1 Page 3 (80 OMR).pdf,60,Good,200131,6,CBSE,"Math, Physics, Chemistry, Biology, Computer Science, English, Hindi/Regional, History, Geography",Skipped,Top1,"Sports, Music, Dance, Theatre, Debate, Robotics","IT/Software, Finance, Medicine, Business",Skipped,Yes definitely,Yes,,,Skipped,Maybe,,Success
Set 1 Page 3 (80 OMR)_page61,Set 1 Page 3 (80 OMR).pdf,61,Good,200132,6,CBSE,"Math, Physics, Chemistry, Biology, Computer Science, English",Skipped,Top10,"Sports, Music, Dance, Theatre, Debate","IT/Software, Finance",Skipped,Yes definitely,No,,,Skipped,Maybe,Engineering,Success
Set 1 Page 3 (80 OMR)_page62,Set 1 Page 3 (80 OMR).pdf,62,Good,200133,6,CBSE,"Math, Physics, Chemistry, Biology, Computer Science, English, Hindi/Regional",Skipped,Top1,"Sports, Music",,Skipped,Yes definitely,Yes,,Skipped,Skipped,Maybe,,Success
Set 1 Page 3 (80 OMR)_page63,Set 1 Page 3 (80 OMR).pdf,63,Good,200134,6,CBSE,"Math, Physics, Chemistry, Biology, Computer Science, English",Skipped,Top1,Sports,IT/Software,Skipped,No,Yes,Office,Skipped,Skipped,No,,Success
Set 1 Page 3 (80 OMR)_page64,Set 1 Page 3 (80 OMR).pdf,64,Good,200135,6,CBSE,"Math, Physics, Chemistry, Biology",Skipped,Top5,"Sports, Music, Dance, Theatre",IT/Software,Skipped,Yes definitely,Yes,Office,,Skipped,No,,Success
Set 1 Page 3 (80 OMR)_page65,Set 1 Page 3 (80 OMR).pdf,65,Good,200136,6,CBSE,Math,,Top5,"Sports, Music",IT/Software,Skipped,Yes definitely,Yes,,,Skipped,Yes,,Success
Set 1 Page 3 (80 OMR)_page66,Set 1 Page 3 (80 OMR).pdf,66,Good,200137,6,CBSE,"Math, Physics, Chemistry, Biology, Computer Science, English",,Work,"Sports, Music","IT/Software, Finance, Medicine",Skipped,Maybe,No,,,Skipped,Yes,,Success
Set 1 Page 3 (80 OMR)_page67,Set 1 Page 3 (80 OMR).pdf,67,Good,200138,7,CBSE,"Math, Physics, Chemistry, Biology, Computer Science, English, Hindi/Regional",Skipped,,"Sports, Music, Dance, Theatre, Debate, Robotics, Art","IT/Software, Finance, Medicine, Business, Government",Skipped,Maybe,Yes,Hybrid,,,Maybe,Engineering,Success
Set 1 Page 3 (80 OMR)_page68,Set 1 Page 3 (80 OMR).pdf,68,Good,200139,6,CBSE,"Math, Physics, Chemistry",,Top5,"Sports, Music, Dance","IT/Software, Finance",Skipped,Yes definitely,No,Office,,Skipped,,,Success
Set 1 Page 3 (80 OMR)_page69,Set 1 Page 3 (80 OMR).pdf,69,Good,200140,7,ICSE,"Math, Physics, Chemistry, Biology, Computer Science, English, Hindi/Regional",Skipped,Top5,"Sports, Music, Dance, Theatre, Debate, Robotics",IT/Software,Skipped,Maybe,Yes,,Skipped,Skipped,,,Success
Set 1 Page 3 (80 OMR)_page70,Set 1 Page 3 (80 OMR).pdf,70,Good,200141,6,CBSE,"Math, Physics, Chemistry, Biology, Computer Science, English",,Top5,"Sports, Music, Dance","IT/Software, Finance, Medicine",Skipped,Yes definitely,Yes,,,Skipped,No,,Success
Set 1 Page 3 (80 OMR)_page71,Set 1 Page 3 (80 OMR).pdf,71,Good,200142,6,CBSE,"Math, Physics, Chemistry, Biology, Computer Science, English, Hindi/Regional, History, Geography",Skipped,Top1,"Sports, Music, Dance, Theatre, Debate, Robotics, Art, Service, Entrepreneurship, Internship",IT/Software,,Maybe,Maybe,Office,,,No,Engineering,Success
Set 1 Page 3 (80 OMR)_page72,Set 1 Page 3 (80 OMR).pdf,72,,200143,6,,,,,,,,,,,,,,,Failed: 'NoneType' object is not subscriptable
Set 1 Page 3 (80 OMR)_page73,Set 1 Page 3 (80 OMR).pdf,73,,200144,6,,,,,,,,,,,,,,,Failed: 'NoneType' object is not subscriptable
Set 1 Page 3 (80 OMR)_page74,Set 1 Page 3 (80 OMR).pdf,74,Good,200145,6,CBSE,"Math, Physics, Chemistry, Biology, Computer Science, English, Hindi/Regional, History, Geography, Economics, Account, Business",Skipped,Top1,"Sports, Music","IT/Software, Finance",Skipped,Maybe,Yes,,Skipped,Skipped,No,,Success
Set 1 Page 3 (80 OMR)_page75,Set 1 Page 3 (80 OMR).pdf,75,Good,200146,6,CBSE,"Math, Physics, Chemistry, Biology, Computer Science, English",,Top30,"Sports, Music, Dance",IT/Software,Skipped,Yes definitely,Maybe,,,Skipped,No,,Success
Set 1 Page 3 (80 OMR)_page76,Set 1 Page 3 (80 OMR).pdf,76,Good,200147,6,CBSE,"Math, Physics, Chemistry, Biology, Computer Science, English, Hindi/Regional, History, Geography, Economics",Skipped,Top1,"Sports, Music, Dance, Theatre","IT/Software, Finance, Medicine",Skipped,Yes definitely,Yes,Office,,Skipped,Yes,,Success
Set 1 Page 3 (80 OMR)_page77,Set 1 Page 3 (80 OMR).pdf,77,Good,200148,6,CBSE,"Math, Physics, Chemistry, Biology, Computer Science, English",Skipped,Top5,"Sports, Music, Dance",IT/Software,,Yes definitely,Yes,Hybrid,Skipped,Skipped,No,Engineering,Success
Set 1 Page 3 (80 OMR)_page78,Set 1 Page 3 (80 OMR).pdf,78,Good,200149,6,CBSE,"Math, Physics, Chemistry",Skipped,Top5,Sports,,Skipped,Maybe,Yes,,Skipped,,Yes,,Success
Set 1 Page 3 (80 OMR)_page79,Set 1 Page 3 (80 OMR).pdf,79,Good,200150,6,CBSE,"Math, Physics, Chemistry, Biology",Skipped,Top1,Sports,,Skipped,Maybe,Yes,Office,Skipped,,,,Success
Set 3 Page 3 (50 OMR)_page1,Set 3 Page 3 (50 OMR).pdf,1,Good,200151,6,CBSE,"Math, Physics, Chemistry, Biology, Computer Science, English, Hindi/Regional, History, Geography, Economics, Account",Skipped,Top30,"Sports, Music, Dance","IT/Software, Finance",,Maybe,Yes,Depends,,Skipped,No,Engineering,Success
Set 3 Page 3 (50 OMR)_page2,Set 3 Page 3 (50 OMR).pdf,2,Good,200152,6,CBSE,"Math, Physics, Chemistry",,Top10,Sports,"IT/Software, Finance",Skipped,Yes definitely,Yes,Field,,Skipped,,,Success
Set 3 Page 3 (50 OMR)_page3,Set 3 Page 3 (50 OMR).pdf,3,Good,200153,6,CBSE,"Math, Physics, Chemistry, Biology, Computer Science",Skipped,Top5,"Sports, Music",IT/Software,Skipped,Yes definitely,No,,Skipped,Skipped,,,Success
Set 3 Page 3 (50 OMR)_page4,Set 3 Page 3 (50 OMR).pdf,4,Good,200154,6,CBSE,"Math, Physics, Chemistry, Biology, Computer Science",Skipped,Top1,Sports,IT/Software,Skipped,Yes definitely,Yes,,Skipped,Skipped,Yes,,Success
Set 3 Page 3 (50 OMR)_page6,Set 3 Page 3 (50 OMR).pdf,6,Good,200156,7,CBSE,"Math, Physics, Chemistry",Skipped,Top1,Sports,"IT/Software, Finance",Skipped,Maybe,Yes,Remote,Skipped,Skipped,No,,Success
Set 3 Page 3 (50 OMR)_page7,Set 3 Page 3 (50 OMR).pdf,7,Good,200157,6,CBSE,"Math, Physics, Chemistry, Biology, Computer Science",Skipped,Avg,"Sports, Music, Dance, Theatre",IT/Software,Skipped,Yes definitely,Yes,,Skipped,Skipped,Yes,,Success
Set 3 Page 3 (50 OMR)_page8,Set 3 Page 3 (50 OMR).pdf,8,Good,200158,11,CBSE,"Math, Physics, Chemistry, Biology, Computer Science, English",Skipped,Top5,"Sports, Music",IT/Software,Skipped,Yes definitely,Yes,,Skipped,Skipped,,,Success
Set 3 Page 3 (50 OMR)_page9,Set 3 Page 3 (50 OMR).pdf,9,Good,200159,6,CBSE,"Math, Physics, Chemistry, Biology, Computer Science, English",Skipped,Top1,"Sports, Music, Dance, Theatre, Debate","IT/Software, Finance",Skipped,No,Maybe,,,Skipped,Yes,,Success
Set 3 Page 3 (50 OMR)_page10,Set 3 Page 3 (50 OMR).pdf,10,Good,200160,9,CBSE,Math,Skipped,,Sports,IT/Software,Skipped,Maybe,No,,Skipped,Skipped,No,,Success
Set 3 Page 3 (50 OMR)_page11,Set 3 Page 3 (50 OMR).pdf,11,Good,200161,9,CBSE,"Math, Physics, Chemistry, Biology, Computer Science, English, Hindi/Regional, History, Geography, Economics, Account",,Avg,"Sports, Music, Dance","IT/Software, Finance, Medicine, Business",,Maybe,Maybe,Depends,,Skipped,Yes,"Engineering, Medicine",Success
Set 3 Page 3 (50 OMR)_page12,Set 3 Page 3 (50 OMR).pdf,12,Good,200162,7,CBSE,"Math, Physics, Chemistry, Biology, Computer Science, English, Hindi/Regional, History, Geography, Economics, Account",Skipped,Top10,"Sports, Music, Dance, Theatre, Debate, Robotics","IT/Software, Finance",Skipped,Yes definitely,Maybe,,,Skipped,Yes,,Success
Set 3 Page 3 (50 OMR)_page13,Set 3 Page 3 (50 OMR).pdf,13,Good,200163,9,CBSE,"Math, Physics, Chemistry, Biology",Skipped,Avg,"Sports, Music, Dance",,Skipped,No,Yes,,Skipped,Skipped,Yes,,Success
Set 3 Page 3 (50 OMR)_page14,Set 3 Page 3 (50 OMR).pdf,14,Good,200164,9,CBSE,"Math, Physics, Chemistry, Biology, Computer Science, English, Hindi/Regional, History, Geography, Economics, Account, Business",Skipped,,"Sports, Music, Dance, Theatre, Debate, Robotics, Art, Service, Entrepreneurship","IT/Software, Finance",,Maybe,Maybe,Depends,,,Yes,"Engineering, Medicine",Success
Set 3 Page 3 (50 OMR)_page15,Set 3 Page 3 (50 OMR).pdf,15,Good,200165,9,CBSE,"Math, Physics, Chemistry, Biology, Computer Science, English, Hindi/Regional, History, Geography, Economics, Account",Skipped,Avg,"Sports, Music, Dance",IT/Software,Skipped,Yes definitely,No,,Skipped,Skipped,,,Success
Set 3 Page 3 (50 OMR)_page16,Set 3 Page 3 (50 OMR).pdf,16,Good,200166,9,CBSE,"Math, Physics, Chemistry, Biology, Computer Science, English, Hindi/Regional, History, Geography, Economics, Account",Skipped,Top10,"Sports, Music, Dance, Theatre, Debate, Robotics, Art",IT/Software,,Maybe,Maybe,Hybrid,,Skipped,Yes,,Success
Set 3 Page 3 (50 OMR)_page17,Set 3 Page 3 (50 OMR).pdf,17,Good,200167,7,CBSE,"Math, Physics, Chemistry, Biology, Computer Science, English, Hindi/Regional, History, Geography, Economics, Account",Skipped,Avg,"Sports, Music, Dance, Theatre, Debate","IT/Software, Finance",,Maybe,Maybe,Depends,Skipped,,No,,Success
Set 3 Page 3 (50 OMR)_page19,Set 3 Page 3 (50 OMR).pdf,19,Good,200169,7,CBSE,"Math, Physics, Chemistry, Biology",Skipped,Top1,"Sports, Music, Dance, Theatre",IT/Software,Skipped,Maybe,Yes,,,Skipped,No,,Success
Set 3 Page 3 (50 OMR)_page20,Set 3 Page 3 (50 OMR).pdf,20,Good,200170,,CBSE,"Math, Physics, Chemistry, Biology, Computer Science, English, Hindi/Regional",Skipped,Top5,"Sports, Music, Dance, Theatre, Debate, Robotics, Art","IT/Software, Finance, Medicine",Skipped,Maybe,Maybe,Field,Skipped,,No,"Engineering, Medicine, Design/Art",Success
Set 3 Page 3 (50 OMR)_page21,Set 3 Page 3 (50 OMR).pdf,21,Good,200171,7,CBSE,"Math, Physics, Chemistry, Biology, Computer Science",Skipped,Top5,"Sports, Music, Dance, Theatre","IT/Software, Finance",Skipped,Yes definitely,Yes,,,Skipped,No,,Success
Set 3 Page 3 (50 OMR)_page22,Set 3 Page 3 (50 OMR).pdf,22,Good,200172,7,CBSE,"Math, Physics, Chemistry, Biology, Computer Science, English, Hindi/Regional",Skipped,Top10,Sports,IT/Software,Skipped,Maybe,Yes,,Skipped,Skipped,Yes,,Success
Set 3 Page 3 (50 OMR)_page25,Set 3 Page 3 (50 OMR).pdf,25,Good,200175,7,CBSE,"Math, Physics, Chemistry, Biology, Computer Science, English, Hindi/Regional",Skipped,Top10,Sports,IT/Software,Skipped,Yes definitely,No,,Skipped,Skipped,,,Success
Set 3 Page 3 (50 OMR)_page26,Set 3 Page 3 (50 OMR).pdf,26,Good,200176,7,CBSE,"Math, Physics, Chemistry, Biology, Computer Science, English, Hindi/Regional",,Top30,"Sports, Music","IT/Software, Finance",Skipped,Maybe,Yes,Office,,Skipped,Yes,,Success
Set 3 Page 3 (50 OMR)_page27,Set 3 Page 3 (50 OMR).pdf,27,Good,200177,7,CBSE,"Math, Physics, Chemistry, Biology, Computer Science, English, Hindi/Regional, History",Skipped,Top1,"Sports, Music, Dance, Theatre, Debate","IT/Software, Finance, Medicine",Skipped,No,No,,,Skipped,Maybe,,Success
Set 3 Page 3 (50 OMR)_page28,Set 3 Page 3 (50 OMR).pdf,28,Good,200178,10,CBSE,"Math, Physics, Chemistry",Skipped,Top1,Sports,,Skipped,No,No,,Skipped,Skipped,Yes,,Success
Set 3 Page 3 (50 OMR)_page29,Set 3 Page 3 (50 OMR).pdf,29,Good,200179,7,CBSE,"Math, Physics, Chemistry, Biology",Skipped,Top1,"Sports, Music, Dance, Theatre, Debate, Robotics","IT/Software, Finance",Skipped,No,Maybe,Office,Skipped,Skipped,No,,Success
Set 3 Page 3 (50 OMR)_page30,Set 3 Page 3 (50 OMR).pdf,30,Good,200180,10,CBSE,"Math, Physics, Chemistry",,Top1,"Sports, Music, Dance, Theatre, Debate",IT/Software,Skipped,Maybe,No,,Skipped,Skipped,Yes,,Success
Set 3 Page 3 (50 OMR)_page31,Set 3 Page 3 (50 OMR).pdf,31,Good,200181,11,CBSE,"Math, Physics, Chemistry, Biology",Skipped,Top5,"Sports, Music, Dance, Theatre, Debate, Robotics","IT/Software, Finance, Medicine, Business, Government, Education",Skipped,Maybe,Yes,,,Skipped,Yes,,Success
Set 3 Page 3 (50 OMR)_page32,Set 3 Page 3 (50 OMR).pdf,32,Good,200182,10,CBSE,"Math, Physics, Chemistry, Biology, Computer Science, English, Hindi/Regional, History, Geography",,Top1,"Sports, Music, Dance",,Skipped,Yes definitely,Yes,,Skipped,Skipped,Yes,,Success
Set 3 Page 3 (50 OMR)_page33,Set 3 Page 3 (50 OMR).pdf,33,Good,200183,10,CBSE,"Math, Physics, Chemistry, Biology, Computer Science, English, Hindi/Regional",,Avg,Sports,"IT/Software, Finance",Skipped,Yes definitely,Yes,,,Skipped,,,Success
Set 3 Page 3 (50 OMR)_page34,Set 3 Page 3 (50 OMR).pdf,34,Good,200184,6,CBSE,"Math, Physics, Chemistry, Biology, Computer Science, English",Skipped,,"Sports, Music, Dance, Theatre, Debate",IT/Software,,Maybe,Yes,Depends,,,No,"Engineering, Medicine",Success
Set 3 Page 3 (50 OMR)_page36,Set 3 Page 3 (50 OMR).pdf,36,Good,200185,10,CBSE,"Math, Physics, Chemistry, Biology, Computer Science",Skipped,Top30,Sports,,Skipped,Yes definitely,Yes,,Skipped,Skipped,,,Success
Set 3 Page 3 (50 OMR)_page37,Set 3 Page 3 (50 OMR).pdf,37,Good,200186,10,CBSE,"Math, Physics, Chemistry, Biology, Computer Science, English, Hindi/Regional, History, Geography, Economics, Account",,Avg,"Sports, Music, Dance","IT/Software, Finance, Medicine",Skipped,Yes definitely,Maybe,Office,,Skipped,No,,Success
Set 3 Page 3 (50 OMR)_page35,Set 3 Page 3 (50 OMR).pdf,35,Good,200187,10,CBSE,"Math, Physics, Chemistry, Biology, Computer Science, English, Hindi/Regional, History",Skipped,Top5,"Sports, Music, Dance, Theatre, Debate, Robotics","IT/Software, Finance",Skipped,Yes definitely,Yes,,,Skipped,Maybe,,Success
Set 3 Page 3 (50 OMR)_page39,Set 3 Page 3 (50 OMR).pdf,39,Good,200189,10,CBSE,"Math, Physics, Chemistry, Biology, Computer Science, English",Skipped,Avg,"Sports, Music, Dance, Theatre","IT/Software, Finance",Skipped,Yes definitely,Yes,,,Skipped,Maybe,,Success
Set 3 Page 3 (50 OMR)_page40,Set 3 Page 3 (50 OMR).pdf,40,Good,200190,10,CBSE,"Math, Physics, Chemistry, Biology",,Avg,"Sports, Music",IT/Software,Skipped,Yes definitely,No,,,Skipped,No,,Success
Set 3 Page 3 (50 OMR)_page41,Set 3 Page 3 (50 OMR).pdf,41,Good,200191,10,CBSE,"Math, Physics, Chemistry, Biology, Computer Science, English, Hindi/Regional, History, Geography",Skipped,Top30,"Sports, Music, Dance, Theatre",IT/Software,Skipped,Yes definitely,Maybe,Office,Skipped,Skipped,Yes,,Success
Set 3 Page 3 (50 OMR)_page42,Set 3 Page 3 (50 OMR).pdf,42,Good,200192,10,CBSE,"Math, Physics",Skipped,Top5,"Sports, Music, Dance, Theatre, Debate",,Skipped,Yes definitely,Maybe,Office,,Skipped,Yes,,Success
Set 3 Page 3 (50 OMR)_page43,Set 3 Page 3 (50 OMR).pdf,43,Good,200193,10,CBSE,"Math, Physics, Chemistry, Biology, Computer Science, English, Hindi/Regional, History",Skipped,,Sports,,Skipped,Yes definitely,,,Skipped,Skipped,,,Success
Set 3 Page 3 (50 OMR)_page44,Set 3 Page 3 (50 OMR).pdf,44,Good,200194,8,CBSE,"Math, Physics, Chemistry, Biology, Computer Science, English, Hindi/Regional, History, Geography, Economics, Account, Business",Skipped,Avg,"Sports, Music, Dance, Theatre, Debate","IT/Software, Finance",Skipped,Yes definitely,Yes,,,Skipped,Yes,,Success
Set 3 Page 3 (50 OMR)_page45,Set 3 Page 3 (50 OMR).pdf,45,Good,200195,8,CBSE,"Math, Physics, Chemistry, Biology, Computer Science, English",,Top30,Sports,,Skipped,Yes definitely,No,,Skipped,,Yes,,Success
Set 3 Page 3 (50 OMR)_page46,Set 3 Page 3 (50 OMR).pdf,46,Good,200196,8,CBSE,"Math, Physics, Chemistry",,Top5,"Sports, Music",IT/Software,Skipped,Maybe,Maybe,,,Skipped,,,Success
Set 3 Page 3 (50 OMR)_page47,Set 3 Page 3 (50 OMR).pdf,47,Good,200196,8,CBSE,"Math, Physics, Chemistry",Skipped,Top10,"Sports, Music",,Skipped,Yes definitely,Maybe,Office,Skipped,Skipped,,,Success
Set 3 Page 3 (50 OMR)_page48,Set 3 Page 3 (50 OMR).pdf,48,Good,200197,8,CBSE,"Math, Physics, Chemistry, Biology, Computer Science, English, Hindi/Regional, History, Geography, Economics, Account",Skipped,Top30,"Sports, Music, Dance","IT/Software, Finance, Medicine",,Maybe,Yes,Office,,,Maybe,"Engineering, Medicine",Success
Set 3 Page 3 (50 OMR)_page49,Set 3 Page 3 (50 OMR).pdf,49,Good,200198,8,CBSE,"Math, Physics, Chemistry, Biology, Computer Science, English",Skipped,Top10,"Sports, Music, Dance, Theatre, Debate, Robotics","IT/Software, Finance, Medicine, Business, Government",Skipped,Yes definitely,No,,,Skipped,No,,Success
Set 3 Page 3 (50 OMR)_page50,Set 3 Page 3 (50 OMR).pdf,50,Good,200199,8,CBSE,"Math, Physics",,Top10,"Sports, Music, Dance, Theatre",,Skipped,Maybe,Maybe,,,Skipped,Maybe,,Success
Set 4 Page 3 (100 OMR)_page1,Set 4 Page 3 (100 OMR).pdf,1,Good,200201,8,CBSE,"Math, Physics, Chemistry, Biology, Computer Science",Skipped,Top1,,,Skipped,Yes definitely,,,Skipped,Skipped,,,Success
Set 4 Page 3 (100 OMR)_page2,Set 4 Page 3 (100 OMR).pdf,2,Good,200202,8,CBSE,"Math, Physics, Chemistry, Biology, Computer Science, English, Hindi/Regional, History, Geography",Skipped,Top30,"Sports, Music, Dance, Theatre, Debate, Robotics","IT/Software, Finance",Skipped,Yes definitely,Yes,,,Skipped,,,Success
Set 4 Page 3 (100 OMR)_page3,Set 4 Page 3 (100 OMR).pdf,3,Good,200203,8,CBSE,"Math, Physics, Chemistry, Biology, Computer Science, English",Skipped,Top5,Sports,"IT/Software, Finance",Skipped,No,No,,,Skipped,,Engineering,Success
Set 4 Page 3 (100 OMR)_page4,Set 4 Page 3 (100 OMR).pdf,4,Good,200204,8,CBSE,"Math, Physics, Chemistry, Biology",Skipped,Top5,Sports,IT/Software,Skipped,Maybe,Yes,,,Skipped,No,,Success
Set 4 Page 3 (100 OMR)_page5,Set 4 Page 3 (100 OMR).pdf,5,Good,200205,8,CBSE,"Math, Physics, Chemistry, Biology, Computer Science",Skipped,,"Sports, Music",IT/Software,Skipped,Maybe,Maybe,Office,,Skipped,Yes,,Success
Set 4 Page 3 (100 OMR)_page6,Set 4 Page 3 (100 OMR).pdf,6,Good,200206,8,CBSE,"Math, Physics, Chemistry",Skipped,Top1,Sports,,Skipped,Maybe,Yes,,Skipped,,,,Success
Set 4 Page 3 (100 OMR)_page7,Set 4 Page 3 (100 OMR).pdf,7,Good,200207,8,CBSE,"Math, Physics, Chemistry, Biology",Skipped,Top1,Sports,"IT/Software, Finance",Skipped,Yes definitely,Yes,,Skipped,Skipped,,,Success
Set 4 Page 3 (100 OMR)_page8,Set 4 Page 3 (100 OMR).pdf,8,Good,200208,8,CBSE,"Math, Physics, Chemistry",Skipped,Top5,"Sports, Music, Dance, Theatre",IT/Software,Skipped,No,Maybe,Depends,,Skipped,,,Success
Set 4 Page 3 (100 OMR)_page9,Set 4 Page 3 (100 OMR).pdf,9,Good,200209,8,CBSE,"Math, Physics, Chemistry, Biology, Computer Science, English, Hindi/Regional, History, Geography, Economics, Account",Skipped,Top30,"Sports, Music",,Skipped,Yes definitely,No,,Skipped,Skipped,,,Success
Set 4 Page 3 (100 OMR)_page12,Set 4 Page 3 (100 OMR).pdf,12,Good,200212,8,CBSE,"Math, Physics, Chemistry, Biology, Computer Science, English, Hindi/Regional, History",Skipped,Top5,"Sports, Music, Dance, Theatre",IT/Software,Skipped,Yes definitely,No,,Skipped,Skipped,,,Success
Set 4 Page 3 (100 OMR)_page13,Set 4 Page 3 (100 OMR).pdf,13,Good,200213,8,CBSE,"Math, Physics, Chemistry, Biology, Computer Science",Skipped,,"Sports, Music, Dance, Theatre","IT/Software, Finance",Skipped,Yes definitely,Maybe,,,Skipped,No,,Success
Set 4 Page 3 (100 OMR)_page14,Set 4 Page 3 (100 OMR).pdf,14,Good,200214,8,CBSE,"Math, Physics, Chemistry, Biology, Computer Science, English, Hindi/Regional, History, Geography, Economics, Account, Business",,Top1,"Sports, Music, Dance, Theatre, Debate, Robotics","IT/Software, Finance",Skipped,Yes definitely,Yes,Office,,Skipped,Yes,,Success
Set 4 Page 3 (100 OMR)_page16,Set 4 Page 3 (100 OMR).pdf,16,Good,200216,8,CBSE,"Math, Physics, Chemistry, Biology, Computer Science, English, Hindi/Regional, History, Geography, Economics",Skipped,Top30,"Sports, Music, Dance, Theatre, Debate","IT/Software, Finance, Medicine, Business, Government",Skipped,Yes definitely,Yes,,Skipped,Skipped,No,Engineering,Success
Set 4 Page 3 (100 OMR)_page17,Set 4 Page 3 (100 OMR).pdf,17,Good,200217,8,CBSE,"Math, Physics",Skipped,Top10,"Sports, Music",IT/Software,Skipped,Yes definitely,,,Skipped,Skipped,No,,Success
Set 4 Page 3 (100 OMR)_page20,Set 4 Page 3 (100 OMR).pdf,20,Good,200220,8,CBSE,"Math, Physics, Chemistry, Biology, Computer Science, English, Hindi/Regional, History, Geography, Economics",Skipped,Top5,"Sports, Music, Dance, Theatre",IT/Software,Skipped,Maybe,,,Skipped,Skipped,Yes,,Success
Set 4 Page 3 (100 OMR)_page21,Set 4 Page 3 (100 OMR).pdf,21,Good,200221,8,CBSE,"Math, Physics, Chemistry",Skipped,Top5,"Sports, Music",IT/Software,Skipped,Yes definitely,Maybe,,Skipped,Skipped,No,,Success
Set 4 Page 3 (100 OMR)_page23,Set 4 Page 3 (100 OMR).pdf,23,Good,200223,6,CBSE,"Math, Physics, Chemistry, Biology, Computer Science, English",Skipped,Top10,"Sports, Music, Dance, Theatre, Debate, Robotics","IT/Software, Finance",Skipped,Maybe,Yes,Office,,Skipped,Maybe,Engineering,Success
Set 4 Page 3 (100 OMR)_page28,Set 4 Page 3 (100 OMR).pdf,28,Good,200228,6,CBSE,"Math, Physics, Chemistry",Skipped,Top10,Sports,IT/Software,Skipped,Maybe,Maybe,,,Skipped,Yes,,Success
Set 4 Page 3 (100 OMR)_page29,Set 4 Page 3 (100 OMR).pdf,29,Good,200229,6,CBSE,"Math, Physics, Chemistry, Biology, Computer Science, English, Hindi/Regional, History, Geography, Economics",Skipped,Top1,"Sports, Music",IT/Software,Skipped,No,Yes,,Skipped,Skipped,No,,Success
Set 4 Page 3 (100 OMR)_page32,Set 4 Page 3 (100 OMR).pdf,32,Good,200232,6,CBSE,"Math, Physics, Chemistry, Biology, Computer Science, English",Skipped,Avg,"Sports, Music, Dance, Theatre, Debate",IT/Software,Skipped,Yes definitely,Maybe,,Skipped,Skipped,Maybe,,Success
Set 4 Page 3 (100 OMR)_page33,Set 4 Page 3 (100 OMR).pdf,33,Good,200233,6,CBSE,"Math, Physics, Chemistry, Biology, Computer Science, English, Hindi/Regional",Skipped,Top10,"Sports, Music, Dance, Theatre, Debate, Robotics, Art",,Skipped,Maybe,Yes,,Skipped,Skipped,Yes,,Success
Set 4 Page 3 (100 OMR)_page38,Set 4 Page 3 (100 OMR).pdf,38,Good,200238,6,CBSE,"Math, Physics, Chemistry, Biology, Computer Science, English, Hindi/Regional, History, Geography",,Avg,"Sports, Music, Dance, Theatre, Debate","IT/Software, Finance, Medicine",Skipped,Maybe,Maybe,,,Skipped,No,,Success
Set 4 Page 3 (100 OMR)_page39,Set 4 Page 3 (100 OMR).pdf,39,Good,200239,6,CBSE,"Math, Physics, Chemistry, Biology, Computer Science, English, Hindi/Regional, History",Skipped,Top1,Sports,,Skipped,No,Maybe,,Skipped,Skipped,Yes,,Success
Set 4 Page 3 (100 OMR)_page40,Set 4 Page 3 (100 OMR).pdf,40,Good,200240,6,CBSE,"Math, Physics, Chemistry, Biology, Computer Science, English, Hindi/Regional, History, Geography",,Top10,"Sports, Music, Dance, Theatre","IT/Software, Finance, Medicine, Business",,Yes definitely,Yes,Office,,,No,"Engineering, Medicine, Design/Art",Success
Set 4 Page 3 (100 OMR)_page41,Set 4 Page 3 (100 OMR).pdf,41,Good,200241,6,CBSE,"Math, Physics, Chemistry, Biology, Computer Science, English, Hindi/Regional",Skipped,Top5,"Sports, Music, Dance, Theatre, Debate","IT/Software, Finance, Medicine, Business",,Yes definitely,Maybe,Depends,,,Yes,Engineering,Success
Set 4 Page 3 (100 OMR)_page42,Set 4 Page 3 (100 OMR).pdf,42,Good,200242,6,CBSE,"Math, Physics, Chemistry, Biology, Computer Science, English, Hindi/Regional, History, Geography, Economics",,Top10,"Sports, Music, Dance, Theatre",IT/Software,Skipped,Maybe,Yes,,Skipped,Skipped,Yes,,Success
Set 4 Page 3 (100 OMR)_page43,Set 4 Page 3 (100 OMR).pdf,43,Good,200243,6,CBSE,"Math, Physics, Chemistry, Biology, Computer Science, English, Hindi/Regional, History",Skipped,Top1,"Sports, Music, Dance","IT/Software, Finance",Skipped,Yes definitely,Yes,Office,Skipped,Skipped,Yes,,Success
Set 4 Page 3 (100 OMR)_page44,Set 4 Page 3 (100 OMR).pdf,44,Good,200244,6,CBSE,"Math, Physics, Chemistry, Biology, Computer Science, English, Hindi/Regional, History, Geography, Economics",Skipped,Top1,"Sports, Music",,Skipped,No,No,,Skipped,Skipped,,,Success
Set 4 Page 3 (100 OMR)_page45,Set 4 Page 3 (100 OMR).pdf,45,Good,200245,6,CBSE,"Math, Physics, Chemistry, Biology, Computer Science, English, Hindi/Regional",Skipped,Avg,"Sports, Music, Dance","IT/Software, Finance, Medicine",Skipped,Yes definitely,Maybe,,,Skipped,,,Success
Set 4 Page 3 (100 OMR)_page46,Set 4 Page 3 (100 OMR).pdf,46,Good,200246,6,CBSE,"Math, Physics",,Top30,"Sports, Music",,Skipped,No,Yes,,,Skipped,No,Engineering,Success
Set 4 Page 3 (100 OMR)_page47,Set 4 Page 3 (100 OMR).pdf,47,Good,200247,6,CBSE,"Math, Physics, Chemistry",Skipped,Top5,"Sports, Music",IT/Software,Skipped,Yes definitely,Yes,,,Skipped,Yes,,Success
Set 4 Page 3 (100 OMR)_page48,Set 4 Page 3 (100 OMR).pdf,48,Good,200248,6,CBSE,"Math, Physics, Chemistry, Biology, Computer Science, English, Hindi/Regional, History",Skipped,Avg,"Sports, Music, Dance, Theatre, Debate, Robotics, Art",IT/Software,,Yes definitely,Yes,Office,,Skipped,Yes,Engineering,Success
Set 4 Page 3 (100 OMR)_page49,Set 4 Page 3 (100 OMR).pdf,49,Good,200249,6,CBSE,"Math, Physics, Chemistry, Biology",Skipped,Top1,,"IT/Software, Finance, Medicine, Business",,Yes definitely,Maybe,Depends,,Skipped,,,Success
Set 4 Page 3 (100 OMR)_page50,Set 4 Page 3 (100 OMR).pdf,50,Good,200250,6,CBSE,"Math, Physics, Chemistry, Biology",Skipped,Top10,,,Skipped,Maybe,Maybe,,Skipped,Skipped,,,Success
Set 4 Page 3 (100 OMR)_page51,Set 4 Page 3 (100 OMR).pdf,51,Good,200251,6,CBSE,"Math, Physics, Chemistry, Biology, Computer Science, English, Hindi/Regional, History, Geography, Economics, Account",Skipped,Avg,"Sports, Music","IT/Software, Finance",,Maybe,Yes,Hybrid,,Skipped,Yes,"Engineering, Medicine, Design/Art, Business",Success
Set 4 Page 3 (100 OMR)_page52,Set 4 Page 3 (100 OMR).pdf,52,Good,200252,6,CBSE,"Math, Physics, Chemistry, Biology, Computer Science, English, Hindi/Regional, History, Geography, Economics",Skipped,Top1,"Sports, Music, Dance, Theatre, Debate, Robotics, Art","IT/Software, Finance",,Maybe,Maybe,Depends,Skipped,Skipped,Maybe,"Engineering, Medicine",Success
Set 4 Page 3 (100 OMR)_page53,Set 4 Page 3 (100 OMR).pdf,53,Good,200253,6,CBSE,"Math, Physics, Chemistry, Biology, Computer Science, English, Hindi/Regional, History",Skipped,Top5,"Sports, Music",IT/Software,Skipped,Maybe,No,,,Skipped,No,,Success
Set 4 Page 3 (100 OMR)_page54,Set 4 Page 3 (100 OMR).pdf,54,Good,200254,6,CBSE,"Math, Physics, Chemistry, Biology",Skipped,,"Sports, Music, Dance, Theatre, Debate, Robotics, Art, Service",,Skipped,Maybe,Maybe,Depends,,,Maybe,"Engineering, Medicine",Success
Set 4 Page 3 (100 OMR)_page55,Set 4 Page 3 (100 OMR).pdf,55,Good,200255,7,CBSE,"Math, Physics, Chemistry, Biology, Computer Science, English",Skipped,Avg,"Sports, Music",,Skipped,Yes definitely,Yes,Depends,,Skipped,Yes,"Engineering, Medicine",Success
Set 4 Page 3 (100 OMR)_page56,Set 4 Page 3 (100 OMR).pdf,56,Good,200257,7,CBSE,"Math, Physics, Chemistry",Skipped,Avg,,,Skipped,Maybe,Maybe,Office,,Skipped,Yes,,Success
Set 4 Page 3 (100 OMR)_page57,Set 4 Page 3 (100 OMR).pdf,57,Good,200258,7,CBSE,"Math, Physics, Chemistry, Biology, Computer Science, English, Hindi/Regional",Skipped,,"Sports, Music, Dance, Theatre, Debate, Robotics","IT/Software, Finance, Medicine, Business",Skipped,Maybe,Yes,Field,,,Maybe,"Engineering, Medicine, Design/Art, Business",Success
Set 4 Page 3 (100 OMR)_page58,Set 4 Page 3 (100 OMR).pdf,58,Good,200259,7,CBSE,"Math, Physics, Chemistry, Biology, Computer Science",Skipped,Top30,"Sports, Music",,Skipped,Maybe,Yes,Remote,,Skipped,,,Success
Set 4 Page 3 (100 OMR)_page59,Set 4 Page 3 (100 OMR).pdf,59,Good,200260,7,CBSE,Math,Skipped,Avg,"Sports, Music, Dance",,Skipped,Yes definitely,Yes,,Skipped,Skipped,,,Success
Set 4 Page 3 (100 OMR)_page60,Set 4 Page 3 (100 OMR).pdf,60,Good,200261,7,CBSE,"Math, Physics, Chemistry, Biology",,Top30,"Sports, Music, Dance",IT/Software,Skipped,Yes definitely,No,,,Skipped,Maybe,,Success
Set 4 Page 3 (100 OMR)_page61,Set 4 Page 3 (100 OMR).pdf,61,Good,200262,7,CBSE,"Math, Physics, Chemistry, Biology",,Top10,"Sports, Music, Dance, Theatre, Debate, Robotics, Art",IT/Software,,No,Maybe,Hybrid,,,No,"Engineering, Medicine",Success
Set 4 Page 3 (100 OMR)_page62,Set 4 Page 3 (100 OMR).pdf,62,Good,200263,9,CBSE,"Math, Physics, Chemistry, Biology, Computer Science, English, Hindi/Regional",Skipped,Top1,Sports,,Skipped,Yes definitely,Maybe,,Skipped,Skipped,No,,Success
Set 4 Page 3 (100 OMR)_page63,Set 4 Page 3 (100 OMR).pdf,63,Good,200264,7,CBSE,"Math, Physics, Chemistry, Biology, Computer Science, English, Hindi/Regional, History, Geography, Economics",Skipped,Top30,"Sports, Music, Dance, Theatre","IT/Software, Finance, Medicine, Business",Skipped,Maybe,Yes,,,Skipped,Maybe,,Success
Set 4 Page 3 (100 OMR)_page64,Set 4 Page 3 (100 OMR).pdf,64,Good,200265,7,CBSE,"Math, Physics, Chemistry, Biology, Computer Science, English, Hindi/Regional, History, Geography",Skipped,Avg,"Sports, Music","IT/Software, Finance",,Yes definitely,Yes,,,Skipped,No,,Success
Set 4 Page 3 (100 OMR)_page65,Set 4 Page 3 (100 OMR).pdf,65,Good,200266,7,CBSE,"Math, Physics, Chemistry, Biology",,Top5,"Sports, Music, Dance",IT/Software,Skipped,Maybe,Yes,Field,,Skipped,Yes,Engineering,Success
Set 4 Page 3 (100 OMR)_page66,Set 4 Page 3 (100 OMR).pdf,66,Good,200267,7,CBSE,"Math, Physics",Skipped,,Sports,"IT/Software, Finance",Skipped,No,Yes,,,Skipped,Yes,,Success
Set 4 Page 3 (100 OMR)_page67,Set 4 Page 3 (100 OMR).pdf,67,Good,200268,7,CBSE,"Math, Physics, Chemistry, Biology, Computer Science, English, Hindi/Regional, History, Geography",Skipped,Top30,"Sports, Music, Dance, Theatre, Debate, Robotics","IT/Software, Finance",Skipped,Yes definitely,Maybe,Office,Skipped,Skipped,Yes,,Success
Set 4 Page 3 (100 OMR)_page68,Set 4 Page 3 (100 OMR).pdf,68,Good,200269,7,CBSE,"Math, Physics, Chemistry, Biology, Computer Science",Skipped,Top30,"Sports, Music, Dance","IT/Software, Finance",Skipped,Yes definitely,Yes,,Skipped,Skipped,,,Success
Set 4 Page 3 (100 OMR)_page69,Set 4 Page 3 (100 OMR).pdf,69,Good,200270,7,CBSE,"Math, Physics, Chemistry",Skipped,Top1,"Sports, Music, Dance",IT/Software,Skipped,Maybe,No,,Skipped,Skipped,No,Engineering,Success
Set 4 Page 3 (100 OMR)_page70,Set 4 Page 3 (100 OMR).pdf,70,Good,200271,7,CBSE,"Math, Physics, Chemistry, Biology",Skipped,Top5,"Sports, Music","IT/Software, Finance",Skipped,Yes definitely,Maybe,,Skipped,Skipped,,,Success
Set 4 Page 3 (100 OMR)_page71,Set 4 Page 3 (100 OMR).pdf,71,Good,200272,7,CBSE,"Math, Physics, Chemistry",Skipped,Top1,Sports,,Skipped,Yes definitely,Yes,,Skipped,Skipped,,,Success
Set 4 Page 3 (100 OMR)_page72,Set 4 Page 3 (100 OMR).pdf,72,Good,200273,7,CBSE,"Math, Physics, Chemistry, Biology, Computer Science, English, Hindi/Regional, History",Skipped,Top5,"Sports, Music",IT/Software,Skipped,Yes definitely,Yes,,,Skipped,Yes,,Success
Set 4 Page 3 (100 OMR)_page73,Set 4 Page 3 (100 OMR).pdf,73,Good,200274,7,CBSE,"Math, Physics, Chemistry, Biology, Computer Science",Skipped,Top10,"Sports, Music, Dance",IT/Software,,Yes definitely,Yes,Field,Skipped,,Maybe,"Engineering, Medicine, Design/Art",Success
Set 4 Page 3 (100 OMR)_page74,Set 4 Page 3 (100 OMR).pdf,74,Good,200275,7,CBSE,"Math, Physics, Chemistry, Biology, Computer Science",Skipped,Avg,"Sports, Music, Dance, Theatre","IT/Software, Finance",,Yes definitely,Maybe,Field,,Skipped,Yes,Engineering,Success
Set 4 Page 3 (100 OMR)_page75,Set 4 Page 3 (100 OMR).pdf,75,Good,200276,7,CBSE,"Math, Physics, Chemistry, Biology, Computer Science, English, Hindi/Regional",Skipped,Top1,Sports,IT/Software,Skipped,Yes definitely,No,,Skipped,Skipped,No,,Success
Set 4 Page 3 (100 OMR)_page77,Set 4 Page 3 (100 OMR).pdf,77,Good,200278,7,CBSE,"Math, Physics, Chemistry, Biology, Computer Science, English, Hindi/Regional",Skipped,Top1,"Sports, Music, Dance","IT/Software, Finance",,Maybe,Maybe,Office,,,No,"Engineering, Medicine, Design/Art",Success
Set 4 Page 3 (100 OMR)_page78,Set 4 Page 3 (100 OMR).pdf,78,Good,200279,7,CBSE,"Math, Physics, Chemistry, Biology, Computer Science, English, Hindi/Regional",Skipped,Top1,"Sports, Music, Dance, Theatre, Debate, Robotics, Art, Service","IT/Software, Finance, Medicine, Business",Skipped,Maybe,Yes,Depends,Skipped,,Yes,"Engineering, Medicine",Success
Set 4 Page 3 (100 OMR)_page79,Set 4 Page 3 (100 OMR).pdf,79,Good,200280,7,CBSE,"Math, Physics",Skipped,,"Sports, Music",IT/Software,Skipped,Yes definitely,Yes,,,Skipped,Yes,,Success
Set 4 Page 3 (100 OMR)_page80,Set 4 Page 3 (100 OMR).pdf,80,Good,200281,8,CBSE,"Math, Physics, Chemistry",Skipped,Top1,,"IT/Software, Finance",Skipped,Yes definitely,Yes,,,Skipped,Yes,,Success
Set 4 Page 3 (100 OMR)_page81,Set 4 Page 3 (100 OMR).pdf,81,Good,200282,8,CBSE,"Math, Physics, Chemistry, Biology, Computer Science, English",,Top5,"Sports, Music, Dance, Theatre, Debate, Robotics, Art","IT/Software, Finance, Medicine, Business",,Maybe,Yes,Depends,Skipped,Skipped,Yes,"Engineering, Medicine, Design/Art",Success
Set 4 Page 3 (100 OMR)_page82,Set 4 Page 3 (100 OMR).pdf,82,Good,200283,8,CBSE,"Math, Physics, Chemistry, Biology, Computer Science, English, Hindi/Regional, History, Geography",Skipped,Top1,"Sports, Music, Dance, Theatre, Debate","IT/Software, Finance",Skipped,Maybe,No,Office,Skipped,Skipped,Maybe,,Success
Set 4 Page 3 (100 OMR)_page83,Set 4 Page 3 (100 OMR).pdf,83,Good,200284,8,CBSE,"Math, Physics, Chemistry, Biology, Computer Science",Skipped,,Sports,IT/Software,Skipped,Maybe,Yes,Office,,Skipped,No,,Success
Set 4 Page 3 (100 OMR)_page84,Set 4 Page 3 (100 OMR).pdf,84,Good,200285,8,CBSE,"Math, Physics, Chemistry, Biology, Computer Science, English, Hindi/Regional, History",Skipped,Top10,"Sports, Music, Dance, Theatre, Debate, Robotics, Art, Service",,Skipped,,No,Field,Skipped,Skipped,No,"Engineering, Medicine, Design/Art, Business",Success
Set 4 Page 3 (100 OMR)_page85,Set 4 Page 3 (100 OMR).pdf,85,Good,200286,8,CBSE,"Math, Physics, Chemistry, Biology, Computer Science",Skipped,Top30,,IT/Software,Skipped,No,Maybe,,,Skipped,No,,Success
Set 4 Page 3 (100 OMR)_page86,Set 4 Page 3 (100 OMR).pdf,86,Good,200287,8,CBSE,"Math, Physics, Chemistry, Biology",Skipped,,"Sports, Music, Dance, Theatre, Debate, Robotics, Art, Service",IT/Software,Skipped,Yes definitely,Yes,Office,,,No,"Engineering, Medicine",Success
Set 4 Page 3 (100 OMR)_page87,Set 4 Page 3 (100 OMR).pdf,87,Good,200288,8,CBSE,"Math, Physics, Chemistry, Biology, Computer Science",Skipped,Top10,,IT/Software,Skipped,Yes definitely,Maybe,Depends,,Skipped,Yes,"Engineering, Medicine",Success
Set 4 Page 3 (100 OMR)_page88,Set 4 Page 3 (100 OMR).pdf,88,Good,200289,8,CBSE,"Math, Physics, Chemistry, Biology, Computer Science, English, Hindi/Regional, History, Geography, Economics",Skipped,Top5,"Sports, Music, Dance",IT/Software,Skipped,Maybe,No,,Skipped,Skipped,Yes,,Success
Set 4 Page 3 (100 OMR)_page89,Set 4 Page 3 (100 OMR).pdf,89,Good,200290,8,CBSE,"Math, Physics, Chemistry",Skipped,Top30,,"IT/Software, Finance, Medicine",,Maybe,Yes,Remote,Skipped,Skipped,Yes,,Success
Set 4 Page 3 (100 OMR)_page90,Set 4 Page 3 (100 OMR).pdf,90,Good,200291,8,CBSE,"Math, Physics, Chemistry, Biology, Computer Science",Skipped,Top10,"Sports, Music, Dance, Theatre, Debate, Robotics, Art","IT/Software, Finance",Skipped,Maybe,Maybe,,,Skipped,Yes,,Success
Set 4 Page 3 (100 OMR)_page91,Set 4 Page 3 (100 OMR).pdf,91,Good,200292,8,CBSE,"Math, Physics, Chemistry, Biology, Computer Science, English, Hindi/Regional, History, Geography, Economics, Account",Skipped,Top5,"Sports, Music, Dance, Theatre","IT/Software, Finance, Medicine",Skipped,No,Maybe,Depends,Skipped,Skipped,Yes,Engineering,Success
Set 4 Page 3 (100 OMR)_page92,Set 4 Page 3 (100 OMR).pdf,92,Good,200293,8,CBSE,"Math, Physics, Chemistry, Biology, Computer Science, English, Hindi/Regional, History, Geography, Economics",Skipped,Top30,"Sports, Music, Dance","IT/Software, Finance, Medicine, Business",Skipped,Yes definitely,Maybe,Depends,,Skipped,Yes,,Success
Set 4 Page 3 (100 OMR)_page93,Set 4 Page 3 (100 OMR).pdf,93,Good,200294,8,CBSE,"Math, Physics, Chemistry, Biology, Computer Science, English, Hindi/Regional, History, Geography",Skipped,Work,Sports,IT/Software,,No,Yes,Field,Skipped,Skipped,Yes,,Success
Set 4 Page 3 (100 OMR)_page94,Set 4 Page 3 (100 OMR).pdf,94,Good,200295,8,CBSE,"Math, Physics, Chemistry, Biology, Computer Science, English, Hindi/Regional, History, Geography",Skipped,Top30,"Sports, Music, Dance","IT/Software, Finance, Medicine",Skipped,No,Maybe,Office,Skipped,Skipped,Yes,,Success
Set 4 Page 3 (100 OMR)_page95,Set 4 Page 3 (100 OMR).pdf,95,Good,200296,8,CBSE,"Math, Physics, Chemistry, Biology, Computer Science, English, Hindi/Regional, History, Geography, Economics",Skipped,,"Sports, Music, Dance, Theatre, Debate, Robotics, Art","IT/Software, Finance",,No,No,Depends,Skipped,Skipped,No,Engineering,Success
Set 4 Page 3 (100 OMR)_page96,Set 4 Page 3 (100 OMR).pdf,96,Good,200297,8,CBSE,"Math, Physics, Chemistry, Biology",Skipped,Avg,,IT/Software,Skipped,Maybe,Yes,,,Skipped,Yes,,Success
Set 4 Page 3 (100 OMR)_page97,Set 4 Page 3 (100 OMR).pdf,97,Good,200298,8,CBSE,"Math, Physics, Chemistry, Biology, Computer Science, English, Hindi/Regional",Skipped,Avg,"Sports, Music, Dance, Theatre, Debate","IT/Software, Finance",,No,No,,,Skipped,No,,Success
Set 4 Page 3 (100 OMR)_page98,Set 4 Page 3 (100 OMR).pdf,98,Good,200299,8,CBSE,"Math, Physics, Chemistry, Biology, Computer Science",Skipped,Top1,"Sports, Music, Dance, Theatre, Debate, Robotics, Art, Service","IT/Software, Finance, Medicine",Skipped,Maybe,Maybe,Field,,Skipped,Yes,"Engineering, Medicine",Success
Set 4 Page 3 (100 OMR)_page99,Set 4 Page 3 (100 OMR).pdf,99,Good,200300,8,CBSE,"Math, Physics, Chemistry, Biology, Computer Science",Skipped,,"Sports, Music, Dance, Theatre, Debate, Robotics, Art","IT/Software, Finance",,Maybe,Maybe,Depends,,,Maybe,Engineering,Success
Set 4 Page 3 (100 OMR)_page100,Set 4 Page 3 (100 OMR).pdf,100,Good,200301,6,CBSE,"Math, Physics, Chemistry, Biology, Computer Science, English, Hindi/Regional, History, Geography, Economics, Account",Skipped,Top30,"Sports, Music, Dance, Theatre, Debate, Robotics, Art, Service, Entrepreneurship","IT/Software, Finance",Skipped,Yes definitely,No,,Skipped,Skipped,Yes,Engineering,Success
Set 5 Page 3 (147 OMR)_page1,Set 5 Page 3 (147 OMR).pdf,1,Good,200301,8,CBSE,"Math, Physics, Chemistry, Biology",Skipped,Top5,"Sports, Music, Dance, Theatre, Debate, Robotics, Art",IT/Software,,Maybe,Yes,Depends,Skipped,Skipped,Maybe,Engineering,Success
Set 5 Page 3 (147 OMR)_page2,Set 5 Page 3 (147 OMR).pdf,2,Good,200302,8,CBSE,"Math, Physics, Chemistry, Biology, Computer Science, English, Hindi/Regional, History",Skipped,Top30,Sports,IT/Software,Skipped,Maybe,Maybe,Office,,Skipped,,,Success
Set 5 Page 3 (147 OMR)_page3,Set 5 Page 3 (147 OMR).pdf,3,Good,200303,7,CBSE,"Math, Physics, Chemistry, Biology, Computer Science, English",,Top5,Sports,"IT/Software, Finance, Medicine, Business, Government",,Maybe,Yes,Hybrid,,Skipped,Yes,Engineering,Success
Set 5 Page 3 (147 OMR)_page5,Set 5 Page 3 (147 OMR).pdf,5,Good,200305,8,CBSE,"Math, Physics, Chemistry, Biology",Skipped,Top5,,"IT/Software, Finance, Medicine",,Yes definitely,Maybe,Office,,,Yes,Engineering,Success
Set 5 Page 3 (147 OMR)_page6,Set 5 Page 3 (147 OMR).pdf,6,Good,200306,8,CBSE,"Math, Physics, Chemistry, Biology, Computer Science",Skipped,Avg,,"IT/Software, Finance, Medicine",Skipped,Maybe,Maybe,Office,,,Yes,Engineering,Success
Set 5 Page 3 (147 OMR)_page7,Set 5 Page 3 (147 OMR).pdf,7,Good,200307,7,CBSE,"Math, Physics, Chemistry, Biology, Computer Science, English, Hindi/Regional, History, Geography",Skipped,Top5,"Sports, Music, Dance, Theatre, Debate, Robotics",,Skipped,Yes definitely,Yes,Office,,Skipped,Maybe,Engineering,Success
Set 5 Page 3 (147 OMR)_page8,Set 5 Page 3 (147 OMR).pdf,8,Good,200308,8,CBSE,"Math, Physics, Chemistry, Biology, Computer Science, English",,Top5,"Sports, Music",IT/Software,,No,Yes,,,Skipped,No,,Success
Set 5 Page 3 (147 OMR)_page9,Set 5 Page 3 (147 OMR).pdf,9,Good,200309,6,CBSE,"Math, Physics, Chemistry, Biology, Computer Science, English",Skipped,Top1,"Sports, Music","IT/Software, Finance, Medicine",Skipped,Maybe,Maybe,,Skipped,Skipped,Yes,Engineering,Success
Set 5 Page 3 (147 OMR)_page11,Set 5 Page 3 (147 OMR).pdf,11,Good,200311,6,CBSE,"Math, Physics, Chemistry, Biology, Computer Science, English",Skipped,Top30,Sports,IT/Software,,Yes definitely,Maybe,Office,,Skipped,Maybe,,Success
Set 5 Page 3 (147 OMR)_page12,Set 5 Page 3 (147 OMR).pdf,12,Good,200312,6,CBSE,"Math, Physics",Skipped,Top10,"Sports, Music, Dance, Theatre, Debate",IT/Software,,Yes definitely,Yes,,,Skipped,No,,Success
Set 5 Page 3 (147 OMR)_page13,Set 5 Page 3 (147 OMR).pdf,13,Good,200313,6,CBSE,"Math, Physics, Chemistry, Biology, Computer Science, English, Hindi/Regional, History, Geography, Economics",Skipped,Avg,"Sports, Music, Dance",IT/Software,,Yes definitely,Yes,Office,,,No,Engineering,Success
Set 5 Page 3 (147 OMR)_page15,Set 5 Page 3 (147 OMR).pdf,15,Good,200315,6,CBSE,"Math, Physics, Chemistry, Biology, Computer Science, English, Hindi/Regional, History, Geography, Economics",Skipped,,"Sports, Music, Dance, Theatre, Debate, Robotics, Art, Service, Entrepreneurship","IT/Software, Finance, Medicine",,Maybe,No,Office,,,Yes,Engineering,Success
Set 5 Page 3 (147 OMR)_page16,Set 5 Page 3 (147 OMR).pdf,16,Good,200316,8,CBSE,"Math, Physics, Chemistry, Biology",,Top30,"Sports, Music, Dance, Theatre, Debate, Robotics",,Skipped,Yes definitely,Maybe,Office,,Skipped,Yes,,Success
Set 5 Page 3 (147 OMR)_page17,Set 5 Page 3 (147 OMR).pdf,17,Good,200317,8,CBSE,"Math, Physics, Chemistry, Biology, Computer Science, English, Hindi/Regional, History",Skipped,Top10,Sports,"IT/Software, Finance",Skipped,Yes definitely,Yes,Office,,Skipped,Yes,,Success
Set 5 Page 3 (147 OMR)_page18,Set 5 Page 3 (147 OMR).pdf,18,Good,200318,8,CBSE,"Math, Physics",,Top10,"Sports, Music, Dance, Theatre","IT/Software, Finance",,Yes definitely,Yes,,Skipped,Skipped,Yes,,Success
Set 5 Page 3 (147 OMR)_page19,Set 5 Page 3 (147 OMR).pdf,19,Good,200319,8,CBSE,"Math, Physics, Chemistry, Biology, Computer Science, English, Hindi/Regional, History, Geography, Economics",Skipped,Top1,"Sports, Music, Dance, Theatre, Debate, Robotics, Art, Service, Entrepreneurship, Internship",IT/Software,,Yes definitely,Yes,Hybrid,Skipped,,Yes,Engineering,Success
Set 5 Page 3 (147 OMR)_page20,Set 5 Page 3 (147 OMR).pdf,20,Good,200320,8,CBSE,"Math, Physics, Chemistry, Biology",Skipped,Top1,"Sports, Music, Dance, Theatre","IT/Software, Finance",Skipped,Maybe,Maybe,Office,,Skipped,Yes,,Success
Set 5 Page 3 (147 OMR)_page21,Set 5 Page 3 (147 OMR).pdf,21,Good,200321,8,CBSE,"Math, Physics, Chemistry, Biology, Computer Science",Skipped,Work,"Sports, Music",,,No,No,Depends,Skipped,Skipped,Yes,Engineering,Success
Set 5 Page 3 (147 OMR)_page22,Set 5 Page 3 (147 OMR).pdf,22,Good,200322,8,CBSE,"Math, Physics, Chemistry, Biology, Computer Science, English",Skipped,,"Sports, Music, Dance, Theatre, Debate, Robotics, Art","IT/Software, Finance, Medicine, Business",,Maybe,Yes,Hybrid,,,Yes,"Engineering, Medicine, Design/Art, Business",Success
Set 5 Page 3 (147 OMR)_page23,Set 5 Page 3 (147 OMR).pdf,23,Good,200323,8,CBSE,"Math, Physics, Chemistry, Biology, Computer Science, English, Hindi/Regional, History, Geography",Skipped,Avg,"Sports, Music","IT/Software, Finance",,Maybe,No,Depends,,Skipped,Yes,Engineering,Success
Set 5 Page 3 (147 OMR)_page24,Set 5 Page 3 (147 OMR).pdf,24,Good,200324,8,CBSE,"Math, Physics, Chemistry, Biology, Computer Science",Skipped,Top5,"Sports, Music",IT/Software,Skipped,Yes definitely,Maybe,Field,Skipped,Skipped,,,Success
Set 5 Page 3 (147 OMR)_page25,Set 5 Page 3 (147 OMR).pdf,25,Good,200325,8,CBSE,"Math, Physics, Chemistry, Biology",Skipped,Work,,,,Yes definitely,No,Depends,Skipped,Skipped,,"Engineering, Medicine",Success
Set 5 Page 3 (147 OMR)_page26,Set 5 Page 3 (147 OMR).pdf,26,Good,200326,8,CBSE,"Math, Physics, Chemistry, Biology, Computer Science",Skipped,Top10,,"IT/Software, Finance",Skipped,Maybe,Maybe,Office,,Skipped,,,Success
Set 5 Page 3 (147 OMR)_page27,Set 5 Page 3 (147 OMR).pdf,27,Good,200327,8,CBSE,"Math, Physics, Chemistry, Biology, Computer Science, English, Hindi/Regional, History, Geography, Economics, Account",Skipped,Top30,"Sports, Music",,Skipped,Maybe,Yes,Depends,,Skipped,Maybe,,Success
Set 5 Page 3 (147 OMR)_page28,Set 5 Page 3 (147 OMR).pdf,28,Good,200328,8,CBSE,"Math, Physics, Chemistry, Biology, Computer Science, English, Hindi/Regional, History, Geography, Economics, Account, Business, Art/Design",Skipped,Avg,"Sports, Music, Dance",IT/Software,,Maybe,Yes,,,Skipped,No,,Success
Set 5 Page 3 (147 OMR)_page29,Set 5 Page 3 (147 OMR).pdf,29,Good,200329,8,CBSE,"Math, Physics, Chemistry",,Top1,Sports,"IT/Software, Finance",Skipped,Yes definitely,Maybe,Office,Skipped,Skipped,,,Success
Set 5 Page 3 (147 OMR)_page30,Set 5 Page 3 (147 OMR).pdf,30,Good,200330,8,CBSE,"Math, Physics, Chemistry, Biology, Computer Science, English, Hindi/Regional",Skipped,,"Sports, Music, Dance, Theatre, Debate, Robotics, Art",IT/Software,,Yes definitely,Yes,Hybrid,Skipped,,No,Engineering,Success
Set 5 Page 3 (147 OMR)_page31,Set 5 Page 3 (147 OMR).pdf,31,Good,200331,8,CBSE,"Math, Physics, Chemistry, Biology, Computer Science, English",Skipped,,"Sports, Music, Dance, Theatre, Debate, Robotics",,,Yes definitely,Yes,Office,,,Yes,"Engineering, Medicine",Success
Set 5 Page 3 (147 OMR)_page32,Set 5 Page 3 (147 OMR).pdf,32,Good,200332,8,CBSE,"Math, Physics, Chemistry, Biology, Computer Science",Skipped,Top10,"Sports, Music",IT/Software,,Yes definitely,Yes,Depends,Skipped,,Maybe,Engineering,Success
Set 5 Page 3 (147 OMR)_page33,Set 5 Page 3 (147 OMR).pdf,33,Good,200333,8,CBSE,"Math, Physics, Chemistry, Biology",Skipped,Top1,,IT/Software,,Maybe,Yes,Depends,,Skipped,Yes,,Success
Set 5 Page 3 (147 OMR)_page34,Set 5 Page 3 (147 OMR).pdf,34,Good,200334,8,CBSE,"Math, Physics, Chemistry, Biology, Computer Science, English",Skipped,Work,,"IT/Software, Finance, Medicine",,Yes definitely,No,Office,,Skipped,Yes,"Engineering, Medicine",Success
Set 5 Page 3 (147 OMR)_page35,Set 5 Page 3 (147 OMR).pdf,35,Good,200335,8,CBSE,"Math, Physics, Chemistry, Biology, Computer Science, English",Skipped,Top1,Sports,"IT/Software, Finance",Skipped,Maybe,Maybe,Depends,Skipped,,No,Engineering,Success
Set 5 Page 3 (147 OMR)_page36,Set 5 Page 3 (147 OMR).pdf,36,Good,200336,8,CBSE,"Math, Physics",Skipped,Avg,,,,Yes definitely,Yes,Office,Skipped,Skipped,Yes,Engineering,Success
Set 5 Page 3 (147 OMR)_page37,Set 5 Page 3 (147 OMR).pdf,37,Good,200337,8,CBSE,Math,Skipped,Avg,,,Skipped,Yes definitely,Maybe,Office,,Skipped,,,Success
Set 5 Page 3 (147 OMR)_page38,Set 5 Page 3 (147 OMR).pdf,38,Good,200338,9,CBSE,"Math, Physics, Chemistry, Biology, Computer Science, English, Hindi/Regional",Skipped,,"Sports, Music, Dance, Theatre, Debate, Robotics","IT/Software, Finance",Skipped,Yes definitely,Yes,Field,Skipped,Skipped,No,,Success
Set 5 Page 3 (147 OMR)_page39,Set 5 Page 3 (147 OMR).pdf,39,Good,200339,9,CBSE,"Math, Physics, Chemistry, Biology, Computer Science, English, Hindi/Regional",Skipped,Top1,Sports,,Skipped,Yes definitely,Yes,Depends,Skipped,,No,"Engineering, Medicine",Success
Set 5 Page 3 (147 OMR)_page40,Set 5 Page 3 (147 OMR).pdf,40,Good,200340,9,CBSE,"Math, Physics, Chemistry, Biology",Skipped,Top1,,"IT/Software, Finance",Skipped,Maybe,Maybe,,,Skipped,Yes,,Success
Set 5 Page 3 (147 OMR)_page41,Set 5 Page 3 (147 OMR).pdf,41,Good,200341,9,CBSE,"Math, Physics",Skipped,Top30,Sports,,Skipped,Maybe,Maybe,Field,Skipped,Skipped,Yes,,Success
Set 5 Page 3 (147 OMR)_page42,Set 5 Page 3 (147 OMR).pdf,42,Good,200342,9,CBSE,"Math, Physics, Chemistry, Biology, Computer Science, English",Skipped,Avg,,IT/Software,,Yes definitely,Maybe,Field,,Skipped,No,,Success
Set 5 Page 3 (147 OMR)_page43,Set 5 Page 3 (147 OMR).pdf,43,Good,200343,9,CBSE,"Math, Physics, Chemistry, Biology, Computer Science",Skipped,Top5,,IT/Software,,Maybe,Maybe,Hybrid,Skipped,,Maybe,,Success
Set 5 Page 3 (147 OMR)_page44,Set 5 Page 3 (147 OMR).pdf,44,Good,200344,9,CBSE,"Math, Physics",,Top5,,,,Yes definitely,Maybe,Field,,Skipped,Yes,,Success
Set 5 Page 3 (147 OMR)_page45,Set 5 Page 3 (147 OMR).pdf,45,Good,200345,9,CBSE,"Math, Physics, Chemistry, Biology, Computer Science, English",Skipped,Avg,,IT/Software,Skipped,Yes definitely,Maybe,,Skipped,Skipped,,,Success
Set 5 Page 3 (147 OMR)_page46,Set 5 Page 3 (147 OMR).pdf,46,Good,200346,9,CBSE,"Math, Physics",Skipped,Top1,Sports,"IT/Software, Finance",Skipped,Maybe,No,Office,,Skipped,,,Success
Set 5 Page 3 (147 OMR)_page48,Set 5 Page 3 (147 OMR).pdf,48,Good,200348,9,CBSE,"Math, Physics",Skipped,Top10,,"IT/Software, Finance",Skipped,Maybe,Yes,Office,,Skipped,Yes,,Success
Set 5 Page 3 (147 OMR)_page49,Set 5 Page 3 (147 OMR).pdf,49,Good,200349,9,CBSE,"Math, Physics, Chemistry, Biology",Skipped,Top10,,IT/Software,,Yes definitely,Maybe,Hybrid,,Skipped,Yes,Engineering,Success
Set 5 Page 3 (147 OMR)_page50,Set 5 Page 3 (147 OMR).pdf,50,Good,200350,9,CBSE,"Math, Physics, Chemistry, Biology",Skipped,Top10,"Sports, Music, Dance, Theatre, Debate, Robotics, Art, Service",IT/Software,,Maybe,Yes,Hybrid,Skipped,Skipped,Yes,"Engineering, Medicine",Success
Set 5 Page 3 (147 OMR)_page51,Set 5 Page 3 (147 OMR).pdf,51,Good,200351,9,CBSE,"Math, Physics, Chemistry, Biology",Skipped,,,IT/Software,Skipped,Maybe,Maybe,,Skipped,,,,Success
Set 5 Page 3 (147 OMR)_page52,Set 5 Page 3 (147 OMR).pdf,52,Good,200352,9,CBSE,,,Top30,Sports,,Skipped,Yes definitely,Yes,Office,,Skipped,Yes,,Success
Set 5 Page 3 (147 OMR)_page53,Set 5 Page 3 (147 OMR).pdf,53,Good,200353,9,CBSE,Math,Skipped,Top10,"Sports, Music",,Skipped,Yes definitely,Yes,,,Skipped,No,,Success
Set 5 Page 3 (147 OMR)_page54,Set 5 Page 3 (147 OMR).pdf,54,Good,200354,9,CBSE,"Math, Physics, Chemistry, Biology",Skipped,Top30,"Sports, Music",,Skipped,Yes definitely,Maybe,Office,Skipped,Skipped,No,,Success
Set 5 Page 3 (147 OMR)_page55,Set 5 Page 3 (147 OMR).pdf,55,Good,200355,9,CBSE,"Math, Physics, Chemistry, Biology, Computer Science",Skipped,Work,,"IT/Software, Finance",,Yes definitely,Yes,Hybrid,,Skipped,Yes,Engineering,Success
Set 5 Page 3 (147 OMR)_page56,Set 5 Page 3 (147 OMR).pdf,56,Good,200356,9,CBSE,"Math, Physics",Skipped,Top10,Sports,IT/Software,Skipped,Yes definitely,Yes,,Skipped,Skipped,Yes,,Success
Set 5 Page 3 (147 OMR)_page57,Set 5 Page 3 (147 OMR).pdf,57,Good,200357,9,CBSE,Math,Skipped,Top1,"Sports, Music",IT/Software,Skipped,Maybe,Yes,,Skipped,Skipped,Yes,,Success
Set 5 Page 3 (147 OMR)_page58,Set 5 Page 3 (147 OMR).pdf,58,Good,200358,9,CBSE,"Math, Physics, Chemistry",Skipped,Top30,Sports,IT/Software,Skipped,Maybe,No,,,Skipped,Maybe,,Success
Set 5 Page 3 (147 OMR)_page59,Set 5 Page 3 (147 OMR).pdf,59,Good,200359,9,CBSE,Math,Skipped,Avg,"Sports, Music",,Skipped,Yes definitely,No,,,Skipped,Yes,,Success
Set 5 Page 3 (147 OMR)_page60,Set 5 Page 3 (147 OMR).pdf,60,Good,200360,9,CBSE,"Math, Physics, Chemistry, Biology, Computer Science, English, Hindi/Regional, History",Skipped,Avg,"Sports, Music","IT/Software, Finance, Medicine",Skipped,Maybe,Yes,Office,,Skipped,,Engineering,Success
Set 5 Page 3 (147 OMR)_page61,Set 5 Page 3 (147 OMR).pdf,61,Good,200361,9,CBSE,"Math, Physics, Chemistry, Biology",Skipped,Top1,"Sports, Music, Dance, Theatre, Debate, Robotics","IT/Software, Finance, Medicine",,Yes definitely,Yes,Office,,,Maybe,Engineering,Success
Set 5 Page 3 (147 OMR)_page62,Set 5 Page 3 (147 OMR).pdf,62,Good,200362,9,CBSE,"Math, Physics",Skipped,Top30,Sports,IT/Software,Skipped,Maybe,No,,Skipped,Skipped,,,Success
Set 5 Page 3 (147 OMR)_page63,Set 5 Page 3 (147 OMR).pdf,63,Good,200363,7,CBSE,"Math, Physics, Chemistry, Biology, Computer Science, English, Hindi/Regional, History, Geography",,Top10,"Sports, Music, Dance, Theatre, Debate, Robotics",IT/Software,,No,No,,Skipped,Skipped,Yes,Engineering,Success
Set 5 Page 3 (147 OMR)_page64,Set 5 Page 3 (147 OMR).pdf,64,Good,200364,7,CBSE,"Math, Physics, Chemistry, Biology, Computer Science, English, Hindi/Regional, History, Geography, Economics, Account",Skipped,Top1,"Sports, Music",IT/Software,,Maybe,Yes,Depends,,,Yes,"Engineering, Medicine",Success
Set 5 Page 3 (147 OMR)_page65,Set 5 Page 3 (147 OMR).pdf,65,Good,200365,7,CBSE,"Math, Physics",,Top30,"Sports, Music","IT/Software, Finance",Skipped,Yes definitely,Yes,,,Skipped,Maybe,,Success
Set 5 Page 3 (147 OMR)_page66,Set 5 Page 3 (147 OMR).pdf,66,Good,200366,7,CBSE,"Math, Physics, Chemistry, Biology, Computer Science, English, Hindi/Regional",Skipped,Top5,"Sports, Music, Dance","IT/Software, Finance, Medicine",,Maybe,Yes,Hybrid,,Skipped,Yes,Engineering,Success
Set 5 Page 3 (147 OMR)_page67,Set 5 Page 3 (147 OMR).pdf,67,Good,200367,7,CBSE,Math,,Top10,Sports,IT/Software,Skipped,Yes definitely,Yes,,Skipped,Skipped,Yes,,Success
Set 5 Page 3 (147 OMR)_page68,Set 5 Page 3 (147 OMR).pdf,68,Good,200368,7,CBSE,"Math, Physics, Chemistry, Biology, Computer Science, English, Hindi/Regional",Skipped,Avg,"Sports, Music, Dance, Theatre, Debate","IT/Software, Finance",,Maybe,Yes,Office,Skipped,Skipped,Yes,"Engineering, Medicine",Success
Set 5 Page 3 (147 OMR)_page69,Set 5 Page 3 (147 OMR).pdf,69,Good,200369,7,CBSE,Math,,Avg,Sports,"IT/Software, Finance, Medicine",,Maybe,Maybe,,Skipped,Skipped,No,,Success
Set 5 Page 3 (147 OMR)_page70,Set 5 Page 3 (147 OMR).pdf,70,Good,200370,7,CBSE,"Math, Physics, Chemistry, Biology",Skipped,Top10,,,,Yes definitely,Yes,Depends,Skipped,Skipped,Yes,Engineering,Success
Set 5 Page 3 (147 OMR)_page72,Set 5 Page 3 (147 OMR).pdf,72,Good,200372,7,CBSE,"Math, Physics, Chemistry, Biology, Computer Science, English",Skipped,Top30,,IT/Software,,Yes definitely,Maybe,Remote,Skipped,Skipped,Yes,,Success
Set 5 Page 3 (147 OMR)_page73,Set 5 Page 3 (147 OMR).pdf,73,Good,200373,7,CBSE,"Math, Physics, Chemistry, Biology, Computer Science, English, Hindi/Regional, History, Geography, Economics, Account",Skipped,Avg,"Sports, Music","IT/Software, Finance, Medicine",,Maybe,Yes,Office,,Skipped,Yes,Engineering,Success
Set 5 Page 3 (147 OMR)_page74,Set 5 Page 3 (147 OMR).pdf,74,Good,200374,7,CBSE,"Math, Physics, Chemistry, Biology, Computer Science, English",Skipped,,"Sports, Music, Dance, Theatre, Debate, Robotics, Art, Service, Entrepreneurship",IT/Software,,Maybe,Yes,Field,,Skipped,Yes,"Engineering, Medicine",Success
Set 5 Page 3 (147 OMR)_page75,Set 5 Page 3 (147 OMR).pdf,75,Good,200375,7,CBSE,"Math, Physics, Chemistry, Biology, Computer Science",Skipped,Top1,Sports,IT/Software,,Yes definitely,No,Depends,Skipped,,No,Engineering,Success
Set 5 Page 3 (147 OMR)_page76,Set 5 Page 3 (147 OMR).pdf,76,Good,200376,7,CBSE,"Math, Physics, Chemistry, Biology, Computer Science, English, Hindi/Regional",Skipped,Top30,Sports,IT/Software,Skipped,Maybe,Yes,Office,Skipped,Skipped,,"Engineering, Medicine",Success
Set 5 Page 3 (147 OMR)_page77,Set 5 Page 3 (147 OMR).pdf,77,Good,200377,7,CBSE,"Math, Physics, Chemistry, Biology",,Top10,,IT/Software,Skipped,Maybe,Maybe,,,Skipped,No,,Success
Set 5 Page 3 (147 OMR)_page79,Set 5 Page 3 (147 OMR).pdf,79,Good,200379,7,CBSE,"Math, Physics, Chemistry, Biology, Computer Science, English, Hindi/Regional, History, Geography",,Avg,,IT/Software,Skipped,No,Yes,Office,,Skipped,Yes,,Success
Set 5 Page 3 (147 OMR)_page80,Set 5 Page 3 (147 OMR).pdf,80,Good,200380,7,CBSE,"Math, Physics, Chemistry, Biology, Computer Science",Skipped,Top30,"Sports, Music, Dance, Theatre, Debate",IT/Software,Skipped,Maybe,Maybe,Depends,,,Yes,"Engineering, Medicine",Success
Set 5 Page 3 (147 OMR)_page81,Set 5 Page 3 (147 OMR).pdf,81,Good,200381,7,CBSE,"Math, Physics, Chemistry",,Top10,"Sports, Music","IT/Software, Finance",Skipped,Maybe,Yes,Office,Skipped,Skipped,No,Engineering,Success
Set 5 Page 3 (147 OMR)_page82,Set 5 Page 3 (147 OMR).pdf,82,Good,200382,6,CBSE,"Math, Physics, Chemistry, Biology",Skipped,Top1,"Sports, Music, Dance, Theatre, Debate, Robotics, Art",,Skipped,Maybe,Yes,Hybrid,Skipped,Skipped,,Engineering,Success
Set 5 Page 3 (147 OMR)_page83,Set 5 Page 3 (147 OMR).pdf,83,Good,200383,7,CBSE,"Math, Physics, Chemistry, Biology, Computer Science, English, Hindi/Regional, History, Geography, Economics",Skipped,Top1,"Sports, Music, Dance","IT/Software, Finance",,Yes definitely,Yes,Hybrid,,,Yes,"Engineering, Medicine",Success
Set 5 Page 3 (147 OMR)_page84,Set 5 Page 3 (147 OMR).pdf,84,Good,200384,7,CBSE,"Math, Physics, Chemistry, Biology, Computer Science",,,"Sports, Music, Dance, Theatre, Debate, Robotics",,Skipped,Yes definitely,Yes,Hybrid,,,Maybe,Engineering,Success
Set 5 Page 3 (147 OMR)_page85,Set 5 Page 3 (147 OMR).pdf,85,Good,200385,7,CBSE,"Math, Physics, Chemistry, Biology",Skipped,Top5,Sports,IT/Software,,Yes definitely,Maybe,Depends,,,Maybe,Engineering,Success
Set 5 Page 3 (147 OMR)_page86,Set 5 Page 3 (147 OMR).pdf,86,Good,200386,7,CBSE,"Math, Physics",Skipped,Top10,"Sports, Music","IT/Software, Finance",Skipped,Maybe,Yes,,Skipped,Skipped,Yes,Engineering,Success
Set 5 Page 3 (147 OMR)_page87,Set 5 Page 3 (147 OMR).pdf,87,Good,200387,7,CBSE,"Math, Physics, Chemistry",,Top5,Sports,"IT/Software, Finance",Skipped,Maybe,Yes,,Skipped,Skipped,Maybe,,Success
Set 5 Page 3 (147 OMR)_page88,Set 5 Page 3 (147 OMR).pdf,88,Good,200388,9,CBSE,"Math, Physics, Chemistry, Biology",Skipped,Top30,Sports,,Skipped,Yes definitely,Maybe,Remote,Skipped,Skipped,,,Success
Set 5 Page 3 (147 OMR)_page89,Set 5 Page 3 (147 OMR).pdf,89,Good,200389,9,CBSE,"Math, Physics, Chemistry",Skipped,Top1,,IT/Software,Skipped,Maybe,,Office,Skipped,Skipped,,,Success
Set 5 Page 3 (147 OMR)_page90,Set 5 Page 3 (147 OMR).pdf,90,Good,200390,9,CBSE,"Math, Physics, Chemistry, Biology, Computer Science, English",Skipped,Avg,"Sports, Music, Dance, Theatre","IT/Software, Finance, Medicine",Skipped,Maybe,No,Field,,Skipped,Maybe,"Engineering, Medicine",Success
Set 5 Page 3 (147 OMR)_page91,Set 5 Page 3 (147 OMR).pdf,91,Good,200391,9,CBSE,"Math, Physics",Skipped,Top1,"Sports, Music","IT/Software, Finance, Medicine",,No,Yes,,Skipped,Skipped,Yes,Engineering,Success
Set 5 Page 3 (147 OMR)_page92,Set 5 Page 3 (147 OMR).pdf,92,Good,200392,9,CBSE,"Math, Physics, Chemistry, Biology, Computer Science, English",Skipped,Top5,"Sports, Music, Dance, Theatre, Debate","IT/Software, Finance, Medicine",Skipped,Yes definitely,Yes,Office,Skipped,Skipped,Yes,,Success
Set 5 Page 3 (147 OMR)_page93,Set 5 Page 3 (147 OMR).pdf,93,Good,200393,9,CBSE,"Math, Physics, Chemistry, Biology, Computer Science, English, Hindi/Regional",Skipped,Avg,,,Skipped,Yes definitely,No,,Skipped,Skipped,Yes,,Success
Set 5 Page 3 (147 OMR)_page94,Set 5 Page 3 (147 OMR).pdf,94,Good,200394,9,CBSE,Math,,Top5,"Sports, Music, Dance, Theatre","IT/Software, Finance",Skipped,Maybe,Yes,Depends,,Skipped,Yes,,Success
Set 5 Page 3 (147 OMR)_page95,Set 5 Page 3 (147 OMR).pdf,95,Good,200395,9,CBSE,"Math, Physics, Chemistry, Biology, Computer Science",Skipped,Top30,"Sports, Music, Dance","IT/Software, Finance",Skipped,Yes definitely,No,Hybrid,Skipped,Skipped,Yes,,Success
Set 5 Page 3 (147 OMR)_page96,Set 5 Page 3 (147 OMR).pdf,96,,200396,9,CBSE,,,,,,,,,,,,,,Failed: 'NoneType' object is not subscriptable
Set 5 Page 3 (147 OMR)_page97,Set 5 Page 3 (147 OMR).pdf,97,Good,200397,9,CBSE,"Math, Physics, Chemistry",,Avg,"Sports, Music",IT/Software,Skipped,Yes definitely,No,Office,Skipped,Skipped,,,Success
Set 5 Page 3 (147 OMR)_page98,Set 5 Page 3 (147 OMR).pdf,98,Good,200398,9,CBSE,"Math, Physics, Chemistry, Biology",Skipped,Top30,"Sports, Music, Dance, Theatre","IT/Software, Finance",,Yes definitely,Yes,,Skipped,Skipped,Yes,Engineering,Success
Set 5 Page 3 (147 OMR)_page99,Set 5 Page 3 (147 OMR).pdf,99,Good,200399,9,CBSE,"Math, Physics, Chemistry, Biology, Computer Science, English",,Avg,,,Skipped,Yes definitely,Yes,Office,,Skipped,Yes,Engineering,Success
Set 5 Page 3 (147 OMR)_page100,Set 5 Page 3 (147 OMR).pdf,100,Good,200400,9,CBSE,"Math, Physics, Chemistry",Skipped,Top30,"Sports, Music, Dance","IT/Software, Finance, Medicine",Skipped,No,Yes,Field,,Skipped,Yes,"Engineering, Medicine, Design/Art",Success
Set 5 Page 3 (147 OMR)_page101,Set 5 Page 3 (147 OMR).pdf,101,Good,200401,9,CBSE,"Math, Physics, Chemistry, Biology, Computer Science",Skipped,Top1,Sports,IT/Software,,Yes definitely,No,Depends,,Skipped,,,Success
Set 5 Page 3 (147 OMR)_page102,Set 5 Page 3 (147 OMR).pdf,102,Good,200402,9,CBSE,"Math, Physics, Chemistry, Biology, Computer Science, English, Hindi/Regional, History",Skipped,Top5,"Sports, Music, Dance, Theatre","IT/Software, Finance",Skipped,Maybe,Yes,Office,Skipped,Skipped,No,Engineering,Success
Set 5 Page 3 (147 OMR)_page103,Set 5 Page 3 (147 OMR).pdf,103,Good,200403,9,CBSE,,Skipped,Top5,,"IT/Software, Finance, Medicine",Skipped,Yes definitely,No,Office,Skipped,Skipped,,Engineering,Success
Set 5 Page 3 (147 OMR)_page104,Set 5 Page 3 (147 OMR).pdf,104,Good,200404,9,CBSE,"Math, Physics, Chemistry, Biology, Computer Science, English, Hindi/Regional, History",Skipped,Top5,"Sports, Music",IT/Software,Skipped,Yes definitely,No,Office,,,No,,Success
Set 5 Page 3 (147 OMR)_page105,Set 5 Page 3 (147 OMR).pdf,105,Good,200405,9,CBSE,Math,Skipped,Avg,,IT/Software,Skipped,Yes definitely,No,,,Skipped,Maybe,,Success
Set 5 Page 3 (147 OMR)_page106,Set 5 Page 3 (147 OMR).pdf,106,Good,200406,9,CBSE,"Math, Physics, Chemistry, Biology, Computer Science, English, Hindi/Regional, History, Geography, Economics, Account, Business",Skipped,,"Sports, Music, Dance, Theatre, Debate, Robotics, Art, Service, Entrepreneurship",,,Yes definitely,Yes,Depends,,,Yes,"Engineering, Medicine, Design/Art",Success
Set 5 Page 3 (147 OMR)_page107,Set 5 Page 3 (147 OMR).pdf,107,Good,200407,9,CBSE,"Math, Physics, Chemistry, Biology, Computer Science, English, Hindi/Regional",Skipped,Work,"Sports, Music, Dance, Theatre, Debate, Robotics, Art",IT/Software,,No,No,,,Skipped,,,Success
Set 5 Page 3 (147 OMR)_page108,Set 5 Page 3 (147 OMR).pdf,108,Good,200408,9,CBSE,"Math, Physics, Chemistry",,Top30,Sports,,,No,Maybe,Field,,Skipped,Yes,"Engineering, Medicine",Success
Set 5 Page 3 (147 OMR)_page109,Set 5 Page 3 (147 OMR).pdf,109,Good,200409,9,CBSE,"Math, Physics, Chemistry, Biology",Skipped,,"Sports, Music, Dance, Theatre, Debate, Robotics, Art, Service","IT/Software, Finance, Medicine, Business",Skipped,No,Maybe,Depends,,,No,"Engineering, Medicine, Design/Art, Business, Law",Success
Set 5 Page 3 (147 OMR)_page110,Set 5 Page 3 (147 OMR).pdf,110,Good,200410,10,CBSE,"Math, Physics",Skipped,Top30,Sports,,Skipped,Maybe,Yes,,,Skipped,,Engineering,Success
Set 5 Page 3 (147 OMR)_page111,Set 5 Page 3 (147 OMR).pdf,111,Good,200411,10,CBSE,"Math, Physics, Chemistry, Biology, Computer Science, English, Hindi/Regional, History, Geography, Economics",Skipped,Top1,"Sports, Music, Dance","IT/Software, Finance, Medicine",Skipped,Yes definitely,Yes,,,Skipped,No,,Success
Set 5 Page 3 (147 OMR)_page112,Set 5 Page 3 (147 OMR).pdf,112,Good,200412,10,CBSE,"Math, Physics, Chemistry, Biology",Skipped,Top1,"Sports, Music, Dance, Theatre, Debate, Robotics, Art, Service",IT/Software,,Maybe,No,Office,Skipped,,No,"Engineering, Medicine",Success
Set 5 Page 3 (147 OMR)_page113,Set 5 Page 3 (147 OMR).pdf,113,Good,200413,10,CBSE,"Math, Physics, Chemistry, Biology, Computer Science, English, Hindi/Regional",Skipped,,"Sports, Music, Dance, Theatre, Debate, Robotics, Art",IT/Software,Skipped,Yes definitely,Yes,Depends,,,Yes,Engineering,Success
Set 5 Page 3 (147 OMR)_page114,Set 5 Page 3 (147 OMR).pdf,114,Good,200414,10,CBSE,"Math, Physics, Chemistry, Biology",,Avg,,IT/Software,Skipped,No,Yes,,,Skipped,Yes,,Success
Set 5 Page 3 (147 OMR)_page115,Set 5 Page 3 (147 OMR).pdf,115,Good,200415,10,CBSE,"Math, Physics, Chemistry, Biology, Computer Science, English",Skipped,Avg,,IT/Software,,Maybe,Yes,Depends,,Skipped,No,,Success
Set 5 Page 3 (147 OMR)_page116,Set 5 Page 3 (147 OMR).pdf,116,Good,200416,10,CBSE,"Math, Physics, Chemistry, Biology",Skipped,Avg,Sports,IT/Software,,No,Maybe,Depends,,Skipped,Yes,Engineering,Success
Set 5 Page 3 (147 OMR)_page117,Set 5 Page 3 (147 OMR).pdf,117,Good,200417,10,CBSE,"Math, Physics, Chemistry",Skipped,Top10,,,,Maybe,No,Office,,Skipped,Yes,Engineering,Success
Set 5 Page 3 (147 OMR)_page118,Set 5 Page 3 (147 OMR).pdf,118,Good,200418,10,CBSE,"Math, Physics, Chemistry, Biology, Computer Science, English",Skipped,Avg,Sports,IT/Software,,No,Maybe,Office,,,Maybe,"Engineering, Medicine",Success
Set 5 Page 3 (147 OMR)_page119,Set 5 Page 3 (147 OMR).pdf,119,Good,200419,10,CBSE,"Math, Physics, Chemistry, Biology",Skipped,Avg,,"IT/Software, Finance, Medicine",Skipped,Yes definitely,Yes,Office,,Skipped,,,Success
Set 5 Page 3 (147 OMR)_page120,Set 5 Page 3 (147 OMR).pdf,120,Good,200420,10,CBSE,"Math, Physics, Chemistry, Biology, Computer Science, English, Hindi/Regional, History, Geography",Skipped,Work,"Sports, Music, Dance, Theatre, Debate, Robotics","IT/Software, Finance",,No,Maybe,Depends,Skipped,Skipped,,Engineering,Success
Set 5 Page 3 (147 OMR)_page121,Set 5 Page 3 (147 OMR).pdf,121,Good,200421,10,CBSE,"Math, Physics, Chemistry, Biology, Computer Science, English, Hindi/Regional, History, Geography",Skipped,Top30,"Sports, Music, Dance","IT/Software, Finance",Skipped,Yes definitely,Maybe,Field,Skipped,Skipped,Yes,Engineering,Success
Set 5 Page 3 (147 OMR)_page122,Set 5 Page 3 (147 OMR).pdf,122,Good,200422,10,CBSE,"Math, Physics",Skipped,Top10,"Sports, Music, Dance, Theatre, Debate","IT/Software, Finance",Skipped,Maybe,Maybe,Office,Skipped,Skipped,Yes,,Success
Set 5 Page 3 (147 OMR)_page123,Set 5 Page 3 (147 OMR).pdf,123,Good,200423,10,CBSE,"Math, Physics, Chemistry, Biology, Computer Science, English",Skipped,Avg,"Sports, Music, Dance","IT/Software, Finance, Medicine, Business, Government",,No,Yes,,Skipped,Skipped,No,,Success
Set 5 Page 3 (147 OMR)_page124,Set 5 Page 3 (147 OMR).pdf,124,Good,200424,10,CBSE,Math,Skipped,Avg,Sports,,,Maybe,Yes,,Skipped,Skipped,Yes,,Success
Set 5 Page 3 (147 OMR)_page125,Set 5 Page 3 (147 OMR).pdf,125,Good,200425,10,CBSE,"Math, Physics, Chemistry, Biology, Computer Science, English, Hindi/Regional, History, Geography, Economics, Account, Business",Skipped,Avg,"Sports, Music, Dance, Theatre",IT/Software,,Maybe,Yes,Depends,,Skipped,Yes,Engineering,Success
Set 5 Page 3 (147 OMR)_page126,Set 5 Page 3 (147 OMR).pdf,126,Good,200426,10,CBSE,"Math, Physics, Chemistry, Biology, Computer Science, English, Hindi/Regional, History, Geography, Economics",,Avg,"Sports, Music",IT/Software,Skipped,Maybe,Maybe,Office,,Skipped,Yes,,Success
Set 5 Page 3 (147 OMR)_page127,Set 5 Page 3 (147 OMR).pdf,127,Good,200427,10,CBSE,"Math, Physics",Skipped,Top5,Sports,IT/Software,Skipped,Yes definitely,No,Field,Skipped,Skipped,Yes,,Success
Set 5 Page 3 (147 OMR)_page128,Set 5 Page 3 (147 OMR).pdf,128,Good,200428,10,CBSE,"Math, Physics, Chemistry, Biology, Computer Science, English, Hindi/Regional, History, Geography",Skipped,Top30,"Sports, Music, Dance, Theatre","IT/Software, Finance",,Maybe,Yes,,Skipped,Skipped,Yes,,Success
Set 5 Page 3 (147 OMR)_page129,Set 5 Page 3 (147 OMR).pdf,129,Good,200429,10,CBSE,"Math, Physics, Chemistry, Biology, Computer Science, English, Hindi/Regional, History, Geography, Economics",Skipped,Avg,"Sports, Music, Dance, Theatre, Debate",IT/Software,Skipped,Maybe,Maybe,,Skipped,Skipped,Yes,,Success
Set 5 Page 3 (147 OMR)_page130,Set 5 Page 3 (147 OMR).pdf,130,Good,200430,10,CBSE,"Math, Physics, Chemistry, Biology, Computer Science, English, Hindi/Regional, History",Skipped,Top10,"Sports, Music, Dance, Theatre","IT/Software, Finance, Medicine, Business, Government",Skipped,Maybe,Yes,,Skipped,Skipped,No,,Success
Set 5 Page 3 (147 OMR)_page131,Set 5 Page 3 (147 OMR).pdf,131,Good,200431,10,CBSE,"Math, Physics, Chemistry, Biology, Computer Science, English, Hindi/Regional, History",Skipped,Top5,"Sports, Music, Dance, Theatre, Debate, Robotics, Art",IT/Software,,Yes definitely,Maybe,Field,Skipped,Skipped,Yes,Engineering,Success
Set 5 Page 3 (147 OMR)_page132,Set 5 Page 3 (147 OMR).pdf,132,Good,200432,10,CBSE,"Math, Physics, Chemistry, Biology, Computer Science, English, Hindi/Regional",Skipped,Top5,"Sports, Music, Dance, Theatre","IT/Software, Finance, Medicine, Business",Skipped,No,Maybe,Depends,Skipped,,Yes,"Engineering, Medicine",Success
Set 5 Page 3 (147 OMR)_page133,Set 5 Page 3 (147 OMR).pdf,133,Good,200433,10,CBSE,"Math, Physics",,Top10,,,Skipped,Yes definitely,Maybe,Office,,Skipped,Yes,,Success
Set 5 Page 3 (147 OMR)_page134,Set 5 Page 3 (147 OMR).pdf,134,Good,200434,10,CBSE,"Math, Physics, Chemistry, Biology",,Top1,Sports,"IT/Software, Finance",Skipped,Maybe,Yes,,,Skipped,Yes,,Success
Set 5 Page 3 (147 OMR)_page135,Set 5 Page 3 (147 OMR).pdf,135,Good,200435,10,CBSE,"Math, Physics, Chemistry, Biology, Computer Science, English, Hindi/Regional, History, Geography, Economics, Account",Skipped,Top1,"Sports, Music",IT/Software,Skipped,Yes definitely,Maybe,,,Skipped,Yes,,Success
Set 5 Page 3 (147 OMR)_page136,Set 5 Page 3 (147 OMR).pdf,136,Good,200436,10,CBSE,Math,,Top10,Sports,,,Yes definitely,Maybe,,Skipped,Skipped,Yes,,Success
Set 5 Page 3 (147 OMR)_page137,Set 5 Page 3 (147 OMR).pdf,137,Good,200437,10,CBSE,Math,Skipped,Top5,,"IT/Software, Finance, Medicine",Skipped,Yes definitely,Maybe,,Skipped,Skipped,Yes,,Success
Set 5 Page 3 (147 OMR)_page138,Set 5 Page 3 (147 OMR).pdf,138,Good,200438,10,CBSE,Math,,Top30,,"IT/Software, Finance",Skipped,Maybe,Yes,,Skipped,Skipped,No,,Success
Set 5 Page 3 (147 OMR)_page139,Set 5 Page 3 (147 OMR).pdf,139,Good,200439,10,CBSE,"Math, Physics, Chemistry, Biology, Computer Science, English, Hindi/Regional, History, Geography, Economics, Account",,Top30,"Sports, Music, Dance, Theatre, Debate",IT/Software,Skipped,Yes definitely,Maybe,,,Skipped,Yes,,Success
Set 5 Page 3 (147 OMR)_page140,Set 5 Page 3 (147 OMR).pdf,140,Good,200440,6,CBSE,"Math, Physics, Chemistry, Biology, Computer Science, English",,Top5,"Sports, Music, Dance, Theatre","IT/Software, Finance",Skipped,Yes definitely,No,,Skipped,Skipped,,Engineering,Success
Set 5 Page 3 (147 OMR)_page141,Set 5 Page 3 (147 OMR).pdf,141,Good,200441,6,CBSE,"Math, Physics, Chemistry, Biology, Computer Science, English, Hindi/Regional, History, Geography, Economics, Account, Business, Art/Design",Skipped,Avg,"Sports, Music, Dance, Theatre, Debate, Robotics, Art",,Skipped,Yes definitely,Yes,,Skipped,Skipped,Yes,,Success
Set 5 Page 3 (147 OMR)_page142,Set 5 Page 3 (147 OMR).pdf,142,Good,200442,6,CBSE,"Math, Physics, Chemistry, Biology, Computer Science, English, Hindi/Regional",Skipped,Top1,"Sports, Music",IT/Software,Skipped,Yes definitely,Yes,,Skipped,Skipped,Yes,,Success
Set 5 Page 3 (147 OMR)_page143,Set 5 Page 3 (147 OMR).pdf,143,Good,200443,6,CBSE,"Math, Physics, Chemistry, Biology, Computer Science, English, Hindi/Regional, History, Geography",Skipped,Top30,"Sports, Music, Dance","IT/Software, Finance",,No,No,,,Skipped,Maybe,,Success
Set 5 Page 3 (147 OMR)_page144,Set 5 Page 3 (147 OMR).pdf,144,Good,200444,6,CBSE,"Math, Physics, Chemistry, Biology, Computer Science, English, Hindi/Regional, History, Geography, Economics",Skipped,Top10,"Sports, Music, Dance, Theatre, Debate","IT/Software, Finance, Medicine",Skipped,Maybe,Maybe,,,Skipped,Maybe,,Success
Set 5 Page 3 (147 OMR)_page145,Set 5 Page 3 (147 OMR).pdf,145,Good,200445,7,CBSE,"Math, Physics",,Top5,"Sports, Music",,Skipped,Yes definitely,Maybe,Office,,Skipped,Yes,,Success
Set 5 Page 3 (147 OMR)_page146,Set 5 Page 3 (147 OMR).pdf,146,Good,200446,6,CBSE,"Math, Physics, Chemistry, Biology, Computer Science, English, Hindi/Regional, History, Geography",Skipped,Top10,Sports,IT/Software,,Yes definitely,Yes,Hybrid,,Skipped,,,Success
Set 5 Page 3 (147 OMR)_page147,Set 5 Page 3 (147 OMR).pdf,147,Good,200447,6,CBSE,"Math, Physics, Chemistry, Biology, Computer Science, English, Hindi/Regional, History, Geography, Economics, Account",Skipped,Top5,"Sports, Music, Dance, Theatre, Debate, Robotics, Art, Service","IT/Software, Finance, Medicine, Business",,Maybe,Yes,Hybrid,,Skipped,Yes,Engineering,Success
Set 3 Page 3 (50 OMR)_page5,Set 3 Page 3 (50 OMR).pdf,5,,,,,,,,,,,,,,,,,,Failed: 'NoneType' object is not subscriptable
Set 3 Page 3 (50 OMR)_page18,Set 3 Page 3 (50 OMR).pdf,18,,,,,,,,,,,,,,,,,,Failed: 'NoneType' object is not subscriptable
Set 3 Page 3 (50 OMR)_page23,Set 3 Page 3 (50 OMR).pdf,23,,,,,,,,,,,,,,,,,,Failed: 'NoneType' object is not subscriptable
Set 3 Page 3 (50 OMR)_page24,Set 3 Page 3 (50 OMR).pdf,24,,,,,,,,,,,,,,,,,,Failed: 'NoneType' object is not subscriptable
Set 3 Page 3 (50 OMR)_page38,Set 3 Page 3 (50 OMR).pdf,38,,,,,,,,,,,,,,,,,,Failed: 'NoneType' object is not subscriptable
Set 4 Page 3 (100 OMR)_page10,Set 4 Page 3 (100 OMR).pdf,10,,,,,,,,,,,,,,,,,,Failed: 'NoneType' object is not subscriptable
Set 4 Page 3 (100 OMR)_page11,Set 4 Page 3 (100 OMR).pdf,11,,,,,,,,,,,,,,,,,,Failed: 'NoneType' object is not subscriptable
Set 4 Page 3 (100 OMR)_page15,Set 4 Page 3 (100 OMR).pdf,15,,,,,,,,,,,,,,,,,,Failed: 'NoneType' object is not subscriptable
Set 4 Page 3 (100 OMR)_page18,Set 4 Page 3 (100 OMR).pdf,18,,,,,,,,,,,,,,,,,,Failed: 'NoneType' object is not subscriptable
Set 4 Page 3 (100 OMR)_page19,Set 4 Page 3 (100 OMR).pdf,19,,,,,,,,,,,,,,,,,,Failed: 'NoneType' object is not subscriptable
Set 4 Page 3 (100 OMR)_page22,Set 4 Page 3 (100 OMR).pdf,22,,,,,,,,,,,,,,,,,,Failed: 'NoneType' object is not subscriptable
Set 4 Page 3 (100 OMR)_page24,Set 4 Page 3 (100 OMR).pdf,24,,,,,,,,,,,,,,,,,,Failed: 'NoneType' object is not subscriptable
Set 4 Page 3 (100 OMR)_page25,Set 4 Page 3 (100 OMR).pdf,25,,,,,,,,,,,,,,,,,,Failed: 'NoneType' object is not subscriptable
Set 4 Page 3 (100 OMR)_page26,Set 4 Page 3 (100 OMR).pdf,26,,,,,,,,,,,,,,,,,,Failed: 'NoneType' object is not subscriptable
Set 4 Page 3 (100 OMR)_page27,Set 4 Page 3 (100 OMR).pdf,27,,,,,,,,,,,,,,,,,,Failed: 'NoneType' object is not subscriptable
Set 4 Page 3 (100 OMR)_page30,Set 4 Page 3 (100 OMR).pdf,30,,,,,,,,,,,,,,,,,,Failed: 'NoneType' object is not subscriptable
Set 4 Page 3 (100 OMR)_page31,Set 4 Page 3 (100 OMR).pdf,31,,,,,,,,,,,,,,,,,,Failed: 'NoneType' object is not subscriptable
Set 4 Page 3 (100 OMR)_page34,Set 4 Page 3 (100 OMR).pdf,34,,,,,,,,,,,,,,,,,,Failed: 'NoneType' object is not subscriptable
Set 4 Page 3 (100 OMR)_page35,Set 4 Page 3 (100 OMR).pdf,35,,,,,,,,,,,,,,,,,,Failed: 'NoneType' object is not subscriptable
Set 4 Page 3 (100 OMR)_page36,Set 4 Page 3 (100 OMR).pdf,36,,,,,,,,,,,,,,,,,,Failed: 'NoneType' object is not subscriptable
Set 4 Page 3 (100 OMR)_page37,Set 4 Page 3 (100 OMR).pdf,37,,,,,,,,,,,,,,,,,,Failed: 'NoneType' object is not subscriptable
Set 4 Page 3 (100 OMR)_page76,Set 4 Page 3 (100 OMR).pdf,76,,,,,,,,,,,,,,,,,,Failed: 'NoneType' object is not subscriptable
Set 5 Page 3 (147 OMR)_page4,Set 5 Page 3 (147 OMR).pdf,4,,,,,,,,,,,,,,,,,,Failed: 'NoneType' object is not subscriptable
Set 5 Page 3 (147 OMR)_page10,Set 5 Page 3 (147 OMR).pdf,10,,,,,,,,,,,,,,,,,,Failed: 'NoneType' object is not subscriptable
Set 5 Page 3 (147 OMR)_page14,Set 5 Page 3 (147 OMR).pdf,14,,,,,,,,,,,,,,,,,,Failed: 'NoneType' object is not subscriptable
Set 5 Page 3 (147 OMR)_page47,Set 5 Page 3 (147 OMR).pdf,47,,,,,,,,,,,,,,,,,,Failed: 'NoneType' object is not subscriptable
Set 5 Page 3 (147 OMR)_page71,Set 5 Page 3 (147 OMR).pdf,71,,,,,,,,,,,,,,,,,,Failed: 'NoneType' object is not subscriptable
Set 5 Page 3 (147 OMR)_page78,Set 5 Page 3 (147 OMR).pdf,78,,,,,,,,,,,,,,,,,,Failed: 'NoneType' object is not subscriptable
