File Name,PDF Source,Page,Quality,Unique Code,Q1,Q2,Q3,Q4,Q5,Q6,Q7,Q8,Q9,Q10,Q11,Q12,Q13,Q14,Status
Set 1 Page 2 (80 OMR)_page1,Set 1 Page 2 (80 OMR).pdf,1,Good,200001,3.0,1.0,2.0,1,1.0,1,1,1.0,3,1.0,4,1,3,,Success
Set 1 Page 2 (80 OMR)_page2,Set 1 Page 2 (80 OMR).pdf,2,Good,200003,3.0,5.0,1.0,5,3.0,5,1,2.0,4,3.0,4,4,1,,Success
Set 1 Page 2 (80 OMR)_page3,Set 1 Page 2 (80 OMR).pdf,3,Good,200005,4.0,5.0,5.0,4,4.0,5,3,4.0,2,5.0,5,5,5,5.0,Success
Set 1 Page 2 (80 OMR)_page4,Set 1 Page 2 (80 OMR).pdf,4,Good,200006,3.0,4.0,2.0,2,4.0,3,3,4.0,3,5.0,4,2,4,1.0,Success
Set 1 Page 2 (80 OMR)_page5,Set 1 Page 2 (80 OMR).pdf,5,Good,200008,3.0,5.0,4.0,4,5.0,3,5,5.0,4,3.0,5,3,4,,Success
Set 1 Page 2 (80 OMR)_page6,Set 1 Page 2 (80 OMR).pdf,6,Good,200009,4.0,5.0,3.0,5,4.0,5,3,5.0,5,3.0,4,2,5,1.0,Success
Set 1 Page 2 (80 OMR)_page7,Set 1 Page 2 (80 OMR).pdf,7,Good,200013,5.0,4.0,3.0,5,5.0,2,1,4.0,3,5.0,3,5,4,5.0,Success
Set 1 Page 2 (80 OMR)_page8,Set 1 Page 2 (80 OMR).pdf,8,Good,200014,4.0,3.0,4.0,3,4.0,5,3,2.0,4,3.0,4,4,5,5.0,Success
Set 1 Page 2 (80 OMR)_page9,Set 1 Page 2 (80 OMR).pdf,9,Good,200015,2.0,3.0,4.0,4,2.0,2,5,4.0,4,2.0,5,4,3,,Success
Set 1 Page 2 (80 OMR)_page10,Set 1 Page 2 (80 OMR).pdf,10,Good,200017,3.0,5.0,4.0,4,3.0,5,3,5.0,5,3.0,5,5,4,,Success
Set 1 Page 2 (80 OMR)_page11,Set 1 Page 2 (80 OMR).pdf,11,Good,200019,1.0,2.0,1.0,1,1.0,3,3,1.0,1,3.0,3,1,1,1.0,Success
Set 1 Page 2 (80 OMR)_page12,Set 1 Page 2 (80 OMR).pdf,12,Good,200020,3.0,3.0,4.0,1,1.0,1,5,4.0,2,2.0,4,5,5,2.0,Success
Set 1 Page 2 (80 OMR)_page13,Set 1 Page 2 (80 OMR).pdf,13,Good,200021,4.0,3.0,4.0,3,4.0,4,3,4.0,4,4.0,2,4,4,4.0,Success
Set 1 Page 2 (80 OMR)_page14,Set 1 Page 2 (80 OMR).pdf,14,Good,200022,4.0,3.0,5.0,3,5.0,2,3,5.0,4,2.0,5,2,3,,Success
Set 1 Page 2 (80 OMR)_page15,Set 1 Page 2 (80 OMR).pdf,15,Good,200023,4.0,3.0,4.0,4,5.0,5,4,5.0,4,3.0,1,4,1,3.0,Success
Set 1 Page 2 (80 OMR)_page16,Set 1 Page 2 (80 OMR).pdf,16,Good,200024,1.0,5.0,4.0,3,1.0,1,3,3.0,4,2.0,2,1,4,4.0,Success
Set 1 Page 2 (80 OMR)_page17,Set 1 Page 2 (80 OMR).pdf,17,Good,200025,5.0,4.0,4.0,5,5.0,5,4,5.0,4,4.0,5,5,5,4.0,Success
Set 1 Page 2 (80 OMR)_page18,Set 1 Page 2 (80 OMR).pdf,18,Good,200026,3.0,5.0,5.0,5,5.0,3,3,5.0,4,4.0,2,4,5,5.0,Success
Set 1 Page 2 (80 OMR)_page19,Set 1 Page 2 (80 OMR).pdf,19,Good,200027,4.0,5.0,1.0,5,5.0,2,4,5.0,3,3.0,1,4,3,4.0,Success
Set 1 Page 2 (80 OMR)_page20,Set 1 Page 2 (80 OMR).pdf,20,Good,200030,5.0,3.0,3.0,5,5.0,4,5,5.0,3,3.0,3,5,4,5.0,Success
Set 1 Page 2 (80 OMR)_page21,Set 1 Page 2 (80 OMR).pdf,21,Good,200031,3.0,4.0,3.0,5,4.0,3,1,5.0,4,4.0,3,4,1,3.0,Success
Set 1 Page 2 (80 OMR)_page22,Set 1 Page 2 (80 OMR).pdf,22,Good,200032,2.0,4.0,5.0,4,4.0,5,1,2.0,4,4.0,2,4,1,3.0,Success
Set 1 Page 2 (80 OMR)_page23,Set 1 Page 2 (80 OMR).pdf,23,Good,200033,4.0,1.0,5.0,3,3.0,2,3,3.0,4,3.0,5,1,2,5.0,Success
Set 1 Page 2 (80 OMR)_page24,Set 1 Page 2 (80 OMR).pdf,24,Good,200035,2.0,1.0,4.0,5,4.0,1,3,5.0,5,1.0,4,1,1,5.0,Success
Set 1 Page 2 (80 OMR)_page25,Set 1 Page 2 (80 OMR).pdf,25,Good,200036,4.0,3.0,4.0,5,5.0,3,5,3.0,4,5.0,3,4,5,5.0,Success
Set 1 Page 2 (80 OMR)_page26,Set 1 Page 2 (80 OMR).pdf,26,Good,200037,4.0,5.0,4.0,5,5.0,3,2,5.0,4,1.0,5,5,3,5.0,Success
Set 1 Page 2 (80 OMR)_page27,Set 1 Page 2 (80 OMR).pdf,27,Good,200038,2.0,4.0,3.0,5,5.0,4,3,5.0,3,5.0,4,5,4,,Success
Set 1 Page 2 (80 OMR)_page28,Set 1 Page 2 (80 OMR).pdf,28,Good,200039,3.0,4.0,3.0,2,3.0,2,4,2.0,4,2.0,1,5,2,4.0,Success
Set 1 Page 2 (80 OMR)_page29,Set 1 Page 2 (80 OMR).pdf,29,Good,200040,2.0,3.0,5.0,5,4.0,5,4,5.0,4,3.0,3,5,4,4.0,Success
Set 1 Page 2 (80 OMR)_page30,Set 1 Page 2 (80 OMR).pdf,30,Good,200042,3.0,4.0,2.0,1,2.0,1,4,1.0,1,1.0,3,1,5,5.0,Success
Set 1 Page 2 (80 OMR)_page31,Set 1 Page 2 (80 OMR).pdf,31,Good,200043,5.0,5.0,4.0,5,5.0,4,4,5.0,4,5.0,5,4,4,3.0,Success
Set 1 Page 2 (80 OMR)_page32,Set 1 Page 2 (80 OMR).pdf,32,Good,200044,2.0,4.0,3.0,5,4.0,4,3,5.0,4,3.0,3,2,3,3.0,Success
Set 1 Page 2 (80 OMR)_page33,Set 1 Page 2 (80 OMR).pdf,33,Good,200045,3.0,5.0,5.0,5,5.0,4,5,4.0,5,5.0,5,5,2,4.0,Success
Set 1 Page 2 (80 OMR)_page34,Set 1 Page 2 (80 OMR).pdf,34,Good,200046,4.0,4.0,3.0,4,3.0,4,4,5.0,3,3.0,3,3,3,3.0,Success
Set 1 Page 2 (80 OMR)_page35,Set 1 Page 2 (80 OMR).pdf,35,Good,200047,3.0,4.0,2.0,5,3.0,3,4,4.0,5,4.0,3,4,4,5.0,Success
Set 1 Page 2 (80 OMR)_page36,Set 1 Page 2 (80 OMR).pdf,36,Good,200048,1.0,5.0,5.0,5,4.0,4,4,4.0,5,4.0,4,4,4,4.0,Success
Set 1 Page 2 (80 OMR)_page37,Set 1 Page 2 (80 OMR).pdf,37,Good,200049,2.0,2.0,5.0,5,4.0,3,2,5.0,5,4.0,3,5,1,,Success
Set 1 Page 2 (80 OMR)_page38,Set 1 Page 2 (80 OMR).pdf,38,Good,200050,3.0,5.0,5.0,5,5.0,4,5,4.0,5,5.0,5,4,3,5.0,Success
Set 1 Page 2 (80 OMR)_page39,Set 1 Page 2 (80 OMR).pdf,39,Good,200051,3.0,4.0,5.0,4,5.0,4,3,3.0,4,3.0,3,4,3,4.0,Success
Set 1 Page 2 (80 OMR)_page40,Set 1 Page 2 (80 OMR).pdf,40,Good,200052,4.0,1.0,5.0,5,5.0,3,1,4.0,5,4.0,4,5,3,5.0,Success
Set 1 Page 2 (80 OMR)_page41,Set 1 Page 2 (80 OMR).pdf,41,Good,200053,1.0,3.0,4.0,5,5.0,4,1,1.0,1,5.0,3,1,1,,Success
Set 1 Page 2 (80 OMR)_page42,Set 1 Page 2 (80 OMR).pdf,42,Good,200054,4.0,3.0,5.0,4,4.0,5,4,5.0,4,1.0,5,3,4,,Success
Set 1 Page 2 (80 OMR)_page43,Set 1 Page 2 (80 OMR).pdf,43,Good,200055,4.0,5.0,4.0,5,4.0,5,5,5.0,3,1.0,5,5,4,,Success
Set 1 Page 2 (80 OMR)_page44,Set 1 Page 2 (80 OMR).pdf,44,Good,200056,4.0,4.0,2.0,4,4.0,2,3,4.0,3,4.0,3,2,5,,Success
Set 1 Page 2 (80 OMR)_page45,Set 1 Page 2 (80 OMR).pdf,45,Good,200057,3.0,4.0,3.0,5,5.0,4,3,5.0,3,5.0,4,5,2,1.0,Success
Set 1 Page 2 (80 OMR)_page46,Set 1 Page 2 (80 OMR).pdf,46,Good,200058,3.0,5.0,4.0,4,5.0,3,4,5.0,4,3.0,5,3,2,3.0,Success
Set 1 Page 2 (80 OMR)_page47,Set 1 Page 2 (80 OMR).pdf,47,Good,200059,4.0,2.0,2.0,4,4.0,4,2,2.0,3,2.0,3,3,4,,Success
Set 1 Page 2 (80 OMR)_page48,Set 1 Page 2 (80 OMR).pdf,48,Good,200060,4.0,2.0,2.0,4,5.0,4,4,5.0,4,5.0,3,4,2,3.0,Success
Set 1 Page 2 (80 OMR)_page49,Set 1 Page 2 (80 OMR).pdf,49,Good,200063,5.0,3.0,5.0,5,5.0,5,3,4.0,4,2.0,4,5,5,4.0,Success
Set 1 Page 2 (80 OMR)_page50,Set 1 Page 2 (80 OMR).pdf,50,Good,200064,5.0,2.0,5.0,5,5.0,4,3,5.0,3,3.0,4,4,3,5.0,Success
Set 2 Page 2 (50 OMR)_page2,Set 2 Page 2 (50 OMR).pdf,2,Good,200067,1.0,4.0,4.0,2,3.0,5,5,2.0,1,4.0,5,5,4,4.0,Success
Set 2 Page 2 (50 OMR)_page1,Set 2 Page 2 (50 OMR).pdf,1,Good,200069,2.0,4.0,5.0,2,5.0,2,2,5.0,4,4.0,3,4,5,5.0,Success
Set 2 Page 2 (50 OMR)_page3,Set 2 Page 2 (50 OMR).pdf,3,Good,200070,1.0,5.0,3.0,2,2.0,4,4,4.0,4,3.0,5,3,4,4.0,Success
Set 2 Page 2 (50 OMR)_page4,Set 2 Page 2 (50 OMR).pdf,4,Good,200071,3.0,5.0,4.0,5,2.0,4,4,4.0,4,4.0,4,3,5,5.0,Success
Set 2 Page 2 (50 OMR)_page5,Set 2 Page 2 (50 OMR).pdf,5,Good,200072,1.0,1.0,3.0,1,1.0,4,2,5.0,4,3.0,5,3,4,4.0,Success
Set 2 Page 2 (50 OMR)_page6,Set 2 Page 2 (50 OMR).pdf,6,Good,200073,4.0,3.0,4.0,3,4.0,3,3,3.0,4,3.0,3,3,3,3.0,Success
Set 2 Page 2 (50 OMR)_page7,Set 2 Page 2 (50 OMR).pdf,7,Good,200076,4.0,4.0,3.0,5,4.0,1,1,4.0,5,4.0,2,1,3,3.0,Success
Set 2 Page 2 (50 OMR)_page8,Set 2 Page 2 (50 OMR).pdf,8,Good,200078,2.0,1.0,3.0,4,1.0,2,2,4.0,2,4.0,3,4,3,3.0,Success
Set 2 Page 2 (50 OMR)_page9,Set 2 Page 2 (50 OMR).pdf,9,Good,200079,1.0,3.0,4.0,2,4.0,4,5,5.0,2,4.0,5,3,5,5.0,Success
Set 2 Page 2 (50 OMR)_page10,Set 2 Page 2 (50 OMR).pdf,10,Good,200080,3.0,4.0,4.0,4,1.0,2,2,1.0,5,3.0,2,5,5,5.0,Success
Set 2 Page 2 (50 OMR)_page11,Set 2 Page 2 (50 OMR).pdf,11,Good,200081,4.0,5.0,5.0,5,2.0,2,5,5.0,4,2.0,5,2,4,4.0,Success
Set 2 Page 2 (50 OMR)_page12,Set 2 Page 2 (50 OMR).pdf,12,Good,200082,1.0,4.0,5.0,5,1.0,1,2,3.0,5,4.0,4,4,4,4.0,Success
Set 2 Page 2 (50 OMR)_page13,Set 2 Page 2 (50 OMR).pdf,13,Good,200083,5.0,3.0,1.0,2,1.0,2,2,1.0,5,5.0,3,1,1,1.0,Success
Set 2 Page 2 (50 OMR)_page14,Set 2 Page 2 (50 OMR).pdf,14,Good,200084,3.0,3.0,5.0,4,2.0,5,1,5.0,5,4.0,4,5,4,4.0,Success
Set 2 Page 2 (50 OMR)_page15,Set 2 Page 2 (50 OMR).pdf,15,Good,200085,3.0,3.0,2.0,1,5.0,5,5,1.0,3,2.0,3,1,3,3.0,Success
Set 2 Page 2 (50 OMR)_page16,Set 2 Page 2 (50 OMR).pdf,16,Good,200086,1.0,4.0,4.0,4,3.0,1,5,3.0,4,5.0,5,4,4,4.0,Success
Set 2 Page 2 (50 OMR)_page17,Set 2 Page 2 (50 OMR).pdf,17,Good,200087,2.0,3.0,2.0,4,4.0,2,4,5.0,5,3.0,4,5,4,4.0,Success
Set 2 Page 2 (50 OMR)_page18,Set 2 Page 2 (50 OMR).pdf,18,Good,200088,4.0,1.0,5.0,4,5.0,1,4,2.0,5,5.0,2,2,4,4.0,Success
Set 2 Page 2 (50 OMR)_page19,Set 2 Page 2 (50 OMR).pdf,19,Good,200089,5.0,5.0,3.0,4,4.0,1,1,4.0,2,2.0,4,3,5,5.0,Success
Set 2 Page 2 (50 OMR)_page20,Set 2 Page 2 (50 OMR).pdf,20,Good,200090,3.0,3.0,5.0,4,1.0,2,4,5.0,4,5.0,4,5,5,5.0,Success
Set 2 Page 2 (50 OMR)_page21,Set 2 Page 2 (50 OMR).pdf,21,Good,200091,4.0,5.0,3.0,5,1.0,2,3,4.0,2,5.0,5,1,3,4.0,Success
Set 2 Page 2 (50 OMR)_page22,Set 2 Page 2 (50 OMR).pdf,22,Good,200092,4.0,4.0,4.0,2,4.0,3,3,4.0,4,4.0,5,5,5,5.0,Success
Set 2 Page 2 (50 OMR)_page23,Set 2 Page 2 (50 OMR).pdf,23,Good,200093,4.0,3.0,2.0,2,4.0,4,1,1.0,5,3.0,5,1,3,3.0,Success
Set 2 Page 2 (50 OMR)_page24,Set 2 Page 2 (50 OMR).pdf,24,Good,200094,1.0,4.0,5.0,1,1.0,4,4,1.0,3,5.0,3,1,5,5.0,Success
Set 2 Page 2 (50 OMR)_page25,Set 2 Page 2 (50 OMR).pdf,25,Good,200095,,1.0,1.0,3,2.0,4,5,5.0,4,2.0,5,4,5,5.0,Success
Set 2 Page 2 (50 OMR)_page26,Set 2 Page 2 (50 OMR).pdf,26,Good,200096,2.0,2.0,3.0,5,5.0,5,5,4.0,4,2.0,3,3,2,2.0,Success
Set 2 Page 2 (50 OMR)_page27,Set 2 Page 2 (50 OMR).pdf,27,Good,200097,4.0,,3.0,3,2.0,2,3,5.0,2,3.0,5,2,4,4.0,Success
Set 2 Page 2 (50 OMR)_page28,Set 2 Page 2 (50 OMR).pdf,28,Good,200098,3.0,,4.0,4,,1,3,3.0,5,3.0,5,5,5,5.0,Success
Set 2 Page 2 (50 OMR)_page29,Set 2 Page 2 (50 OMR).pdf,29,Good,200099,5.0,4.0,5.0,5,3.0,2,4,5.0,5,5.0,4,3,5,5.0,Success
Set 2 Page 2 (50 OMR)_page30,Set 2 Page 2 (50 OMR).pdf,30,Good,200100,,4.0,5.0,2,3.0,3,5,4.0,5,2.0,5,3,2,2.0,Success
Set 2 Page 2 (50 OMR)_page31,Set 2 Page 2 (50 OMR).pdf,31,Good,200101,5.0,,4.0,4,1.0,4,4,2.0,3,4.0,4,4,3,3.0,Success
Set 2 Page 2 (50 OMR)_page32,Set 2 Page 2 (50 OMR).pdf,32,Good,200102,3.0,3.0,3.0,5,3.0,4,5,4.0,3,5.0,4,3,2,2.0,Success
Set 2 Page 2 (50 OMR)_page33,Set 2 Page 2 (50 OMR).pdf,33,Good,200103,4.0,,3.0,2,3.0,4,2,4.0,4,4.0,4,3,4,4.0,Success
Set 2 Page 2 (50 OMR)_page34,Set 2 Page 2 (50 OMR).pdf,34,Good,200104,4.0,3.0,4.0,5,4.0,5,5,4.0,3,4.0,4,5,5,5.0,Success
Set 2 Page 2 (50 OMR)_page35,Set 2 Page 2 (50 OMR).pdf,35,Good,200105,3.0,1.0,3.0,2,4.0,5,5,4.0,1,3.0,4,5,5,5.0,Success
Set 2 Page 2 (50 OMR)_page36,Set 2 Page 2 (50 OMR).pdf,36,Good,200106,3.0,4.0,,2,2.0,1,4,4.0,4,4.0,4,5,2,2.0,Success
Set 2 Page 2 (50 OMR)_page37,Set 2 Page 2 (50 OMR).pdf,37,Good,200107,3.0,3.0,1.0,3,2.0,3,4,5.0,5,3.0,5,4,3,3.0,Success
Set 2 Page 2 (50 OMR)_page38,Set 2 Page 2 (50 OMR).pdf,38,Good,200108,3.0,4.0,1.0,5,1.0,1,4,4.0,4,2.0,5,1,1,1.0,Success
Set 2 Page 2 (50 OMR)_page39,Set 2 Page 2 (50 OMR).pdf,39,Good,200109,1.0,,2.0,3,1.0,1,5,4.0,3,3.0,2,4,3,3.0,Success
Set 2 Page 2 (50 OMR)_page40,Set 2 Page 2 (50 OMR).pdf,40,Good,200110,3.0,5.0,2.0,4,4.0,3,4,4.0,3,5.0,4,4,4,4.0,Success
Set 2 Page 2 (50 OMR)_page41,Set 2 Page 2 (50 OMR).pdf,41,Good,200111,4.0,4.0,4.0,3,4.0,4,4,5.0,3,1.0,3,5,5,5.0,Success
Set 2 Page 2 (50 OMR)_page42,Set 2 Page 2 (50 OMR).pdf,42,Good,200112,4.0,,,2,4.0,5,3,2.0,1,2.0,3,3,4,4.0,Success
Set 2 Page 2 (50 OMR)_page43,Set 2 Page 2 (50 OMR).pdf,43,Good,200113,2.0,3.0,1.0,4,4.0,4,2,5.0,5,5.0,3,4,5,5.0,Success
Set 2 Page 2 (50 OMR)_page44,Set 2 Page 2 (50 OMR).pdf,44,Good,200114,,4.0,5.0,1,4.0,4,3,3.0,4,4.0,5,3,3,3.0,Success
Set 2 Page 2 (50 OMR)_page45,Set 2 Page 2 (50 OMR).pdf,45,Good,200115,3.0,1.0,3.0,3,4.0,4,1,4.0,3,4.0,2,4,2,4.0,Success
Set 2 Page 2 (50 OMR)_page46,Set 2 Page 2 (50 OMR).pdf,46,Good,200116,5.0,5.0,2.0,4,3.0,3,4,4.0,3,3.0,3,2,4,4.0,Success
Set 2 Page 2 (50 OMR)_page47,Set 2 Page 2 (50 OMR).pdf,47,Good,200117,3.0,3.0,4.0,3,4.0,5,4,3.0,3,3.0,4,5,5,5.0,Success
Set 2 Page 2 (50 OMR)_page48,Set 2 Page 2 (50 OMR).pdf,48,Good,200118,4.0,5.0,,3,5.0,4,4,5.0,1,5.0,4,5,4,4.0,Success
Set 2 Page 2 (50 OMR)_page49,Set 2 Page 2 (50 OMR).pdf,49,Good,200119,2.0,3.0,3.0,5,3.0,1,3,3.0,2,5.0,3,1,5,5.0,Success
Set 2 Page 2 (50 OMR)_page50,Set 2 Page 2 (50 OMR).pdf,50,Good,200120,1.0,3.0,3.0,1,5.0,2,5,4.0,1,5.0,5,5,5,5.0,Success
Set 1 Page 2 (80 OMR)_page80,Set 1 Page 2 (80 OMR).pdf,80,Good,200121,5.0,4.0,3.0,2,1.0,2,3,4.0,5,4.0,3,2,1,2.0,Success
Set 1 Page 2 (80 OMR)_page51,Set 1 Page 2 (80 OMR).pdf,51,Good,200122,3.0,4.0,4.0,5,5.0,2,4,3.0,3,2.0,3,3,3,2.0,Success
Set 1 Page 2 (80 OMR)_page52,Set 1 Page 2 (80 OMR).pdf,52,Good,200123,5.0,3.0,5.0,5,5.0,4,3,4.0,4,3.0,2,3,3,4.0,Success
Set 1 Page 2 (80 OMR)_page53,Set 1 Page 2 (80 OMR).pdf,53,Good,200124,3.0,5.0,1.0,5,5.0,5,4,5.0,3,5.0,5,5,5,4.0,Success
Set 1 Page 2 (80 OMR)_page54,Set 1 Page 2 (80 OMR).pdf,54,Good,200125,2.0,4.0,3.0,5,4.0,4,3,4.0,2,3.0,3,3,2,4.0,Success
Set 1 Page 2 (80 OMR)_page55,Set 1 Page 2 (80 OMR).pdf,55,Good,200126,2.0,1.0,2.0,5,2.0,3,4,5.0,3,1.0,2,2,2,4.0,Success
Set 1 Page 2 (80 OMR)_page56,Set 1 Page 2 (80 OMR).pdf,56,Good,200127,2.0,3.0,3.0,5,3.0,1,5,1.0,3,2.0,2,5,3,3.0,Success
Set 1 Page 2 (80 OMR)_page57,Set 1 Page 2 (80 OMR).pdf,57,Good,200128,4.0,3.0,2.0,5,5.0,4,3,5.0,4,3.0,4,5,5,,Success
Set 1 Page 2 (80 OMR)_page58,Set 1 Page 2 (80 OMR).pdf,58,Good,200129,5.0,5.0,5.0,4,3.0,1,5,2.0,1,3.0,2,4,5,1.0,Success
Set 1 Page 2 (80 OMR)_page59,Set 1 Page 2 (80 OMR).pdf,59,Good,200130,4.0,3.0,5.0,4,5.0,5,1,3.0,5,1.0,4,5,3,,Success
Set 1 Page 2 (80 OMR)_page60,Set 1 Page 2 (80 OMR).pdf,60,Good,200131,4.0,2.0,1.0,1,3.0,1,4,3.0,3,1.0,2,1,1,1.0,Success
Set 1 Page 2 (80 OMR)_page61,Set 1 Page 2 (80 OMR).pdf,61,Good,200132,4.0,5.0,4.0,1,4.0,4,4,5.0,4,4.0,3,4,3,,Success
Set 1 Page 2 (80 OMR)_page62,Set 1 Page 2 (80 OMR).pdf,62,Good,200133,2.0,4.0,4.0,4,4.0,4,2,4.0,4,4.0,4,4,4,4.0,Success
Set 1 Page 2 (80 OMR)_page63,Set 1 Page 2 (80 OMR).pdf,63,Good,200134,5.0,5.0,4.0,5,5.0,3,3,5.0,5,1.0,2,5,5,,Success
Set 1 Page 2 (80 OMR)_page64,Set 1 Page 2 (80 OMR).pdf,64,Good,200135,5.0,5.0,4.0,5,5.0,2,3,4.0,2,5.0,3,5,3,,Success
Set 1 Page 2 (80 OMR)_page65,Set 1 Page 2 (80 OMR).pdf,65,Good,200136,5.0,3.0,5.0,3,3.0,2,1,4.0,2,4.0,4,4,3,,Success
Set 1 Page 2 (80 OMR)_page66,Set 1 Page 2 (80 OMR).pdf,66,Good,200137,2.0,5.0,1.0,1,1.0,4,3,1.0,2,5.0,1,3,2,,Success
Set 1 Page 2 (80 OMR)_page67,Set 1 Page 2 (80 OMR).pdf,67,Good,200138,2.0,1.0,4.0,5,4.0,1,3,5.0,5,1.0,3,4,5,,Success
Set 1 Page 2 (80 OMR)_page68,Set 1 Page 2 (80 OMR).pdf,68,Good,200139,5.0,4.0,3.0,3,5.0,3,3,5.0,3,2.0,2,4,4,5.0,Success
Set 1 Page 2 (80 OMR)_page69,Set 1 Page 2 (80 OMR).pdf,69,Good,200140,4.0,4.0,5.0,5,4.0,3,4,1.0,1,4.0,4,4,5,,Success
Set 1 Page 2 (80 OMR)_page70,Set 1 Page 2 (80 OMR).pdf,70,Good,200141,3.0,5.0,2.0,5,2.0,5,5,1.0,1,2.0,5,5,5,1.0,Success
Set 1 Page 2 (80 OMR)_page71,Set 1 Page 2 (80 OMR).pdf,71,Good,200142,4.0,5.0,4.0,5,5.0,4,4,5.0,4,5.0,4,5,5,5.0,Success
Set 1 Page 2 (80 OMR)_page72,Set 1 Page 2 (80 OMR).pdf,72,Good,200143,,5.0,5.0,4,5.0,3,4,3.0,2,1.0,1,1,1,5.0,Success
Set 1 Page 2 (80 OMR)_page73,Set 1 Page 2 (80 OMR).pdf,73,Good,200144,1.0,5.0,3.0,5,4.0,4,3,5.0,3,5.0,3,5,5,4.0,Success
Set 1 Page 2 (80 OMR)_page74,Set 1 Page 2 (80 OMR).pdf,74,Good,200145,3.0,3.0,3.0,5,5.0,4,3,4.0,3,4.0,3,5,3,3.0,Success
Set 1 Page 2 (80 OMR)_page75,Set 1 Page 2 (80 OMR).pdf,75,Good,200146,3.0,2.0,3.0,4,,4,4,2.0,4,4.0,2,4,2,5.0,Success
Set 1 Page 2 (80 OMR)_page76,Set 1 Page 2 (80 OMR).pdf,76,Good,200147,5.0,5.0,4.0,5,4.0,4,3,4.0,3,3.0,4,5,4,5.0,Success
Set 1 Page 2 (80 OMR)_page77,Set 1 Page 2 (80 OMR).pdf,77,Good,200148,5.0,5.0,5.0,5,4.0,5,4,,2,1.0,2,5,5,,Success
Set 1 Page 2 (80 OMR)_page78,Set 1 Page 2 (80 OMR).pdf,78,Good,200149,4.0,4.0,3.0,3,4.0,5,3,2.0,4,3.0,2,1,2,4.0,Success
Set 1 Page 2 (80 OMR)_page79,Set 1 Page 2 (80 OMR).pdf,79,Good,200150,,5.0,5.0,3,3.0,3,4,3.0,5,3.0,2,3,5,5.0,Success
Set 3 Page 2 (50 OMR)_page1,Set 3 Page 2 (50 OMR).pdf,1,Good,200151,5.0,2.0,1.0,3,1.0,5,1,5.0,1,3.0,2,1,5,3.0,Success
Set 3 Page 2 (50 OMR)_page2,Set 3 Page 2 (50 OMR).pdf,2,Good,200152,5.0,5.0,5.0,4,,5,4,,5,1.0,2,3,5,,Success
Set 3 Page 2 (50 OMR)_page3,Set 3 Page 2 (50 OMR).pdf,3,Good,200153,5.0,4.0,5.0,4,5.0,5,4,5.0,5,4.0,5,4,3,,Success
Set 3 Page 2 (50 OMR)_page4,Set 3 Page 2 (50 OMR).pdf,4,Good,200154,2.0,5.0,3.0,5,5.0,4,3,5.0,4,3.0,3,4,1,,Success
Set 3 Page 2 (50 OMR)_page5,Set 3 Page 2 (50 OMR).pdf,5,Good,200155,5.0,5.0,3.0,4,5.0,4,3,5.0,2,2.0,4,4,3,1.0,Success
Set 3 Page 2 (50 OMR)_page6,Set 3 Page 2 (50 OMR).pdf,6,Good,200156,3.0,4.0,5.0,4,4.0,4,3,4.0,4,4.0,4,5,5,5.0,Success
Set 3 Page 2 (50 OMR)_page7,Set 3 Page 2 (50 OMR).pdf,7,Good,200157,3.0,5.0,5.0,2,3.0,4,4,5.0,5,3.0,2,4,5,5.0,Success
Set 3 Page 2 (50 OMR)_page8,Set 3 Page 2 (50 OMR).pdf,8,Good,200158,1.0,5.0,5.0,5,5.0,3,5,5.0,1,5.0,5,5,5,,Success
Set 3 Page 2 (50 OMR)_page9,Set 3 Page 2 (50 OMR).pdf,9,Good,200159,5.0,5.0,4.0,4,3.0,5,4,2.0,3,1.0,5,3,2,5.0,Success
Set 3 Page 2 (50 OMR)_page10,Set 3 Page 2 (50 OMR).pdf,10,Good,200160,5.0,3.0,4.0,4,4.0,5,4,4.0,5,1.0,3,3,3,5.0,Success
Set 3 Page 2 (50 OMR)_page11,Set 3 Page 2 (50 OMR).pdf,11,Good,200161,3.0,3.0,5.0,4,2.0,5,4,1.0,5,2.0,4,1,5,,Success
Set 3 Page 2 (50 OMR)_page12,Set 3 Page 2 (50 OMR).pdf,12,Good,200162,5.0,3.0,2.0,4,5.0,5,2,4.0,3,5.0,5,3,5,4.0,Success
Set 3 Page 2 (50 OMR)_page13,Set 3 Page 2 (50 OMR).pdf,13,Good,200163,4.0,3.0,3.0,5,5.0,3,2,5.0,3,4.0,4,5,2,2.0,Success
Set 3 Page 2 (50 OMR)_page14,Set 3 Page 2 (50 OMR).pdf,14,Good,200164,2.0,4.0,3.0,3,4.0,3,4,3.0,3,5.0,3,4,2,3.0,Success
Set 3 Page 2 (50 OMR)_page15,Set 3 Page 2 (50 OMR).pdf,15,Good,200165,3.0,2.0,3.0,4,5.0,5,2,5.0,4,5.0,4,4,2,,Success
Set 3 Page 2 (50 OMR)_page16,Set 3 Page 2 (50 OMR).pdf,16,Good,200166,3.0,3.0,4.0,3,5.0,2,1,5.0,5,2.0,2,4,4,4.0,Success
Set 3 Page 2 (50 OMR)_page17,Set 3 Page 2 (50 OMR).pdf,17,Good,200167,3.0,4.0,3.0,4,4.0,4,2,4.0,5,2.0,4,4,4,4.0,Success
Set 3 Page 2 (50 OMR)_page18,Set 3 Page 2 (50 OMR).pdf,18,Good,200168,5.0,4.0,4.0,3,5.0,4,4,3.0,4,4.0,3,1,4,,Success
Set 3 Page 2 (50 OMR)_page19,Set 3 Page 2 (50 OMR).pdf,19,Good,200169,5.0,5.0,5.0,5,5.0,5,5,5.0,4,5.0,4,5,5,,Success
Set 3 Page 2 (50 OMR)_page20,Set 3 Page 2 (50 OMR).pdf,20,Good,200170,5.0,5.0,4.0,3,3.0,2,4,4.0,1,2.0,3,3,4,,Success
Set 3 Page 2 (50 OMR)_page21,Set 3 Page 2 (50 OMR).pdf,21,Good,200171,3.0,4.0,4.0,3,4.0,5,2,4.0,4,2.0,4,5,3,4.0,Success
Set 3 Page 2 (50 OMR)_page22,Set 3 Page 2 (50 OMR).pdf,22,Good,200172,5.0,1.0,3.0,5,4.0,1,4,2.0,5,1.0,3,5,1,,Success
Set 3 Page 2 (50 OMR)_page23,Set 3 Page 2 (50 OMR).pdf,23,Good,200173,5.0,3.0,4.0,5,5.0,4,3,5.0,4,5.0,2,4,3,4.0,Success
Set 3 Page 2 (50 OMR)_page24,Set 3 Page 2 (50 OMR).pdf,24,Good,200174,4.0,4.0,4.0,5,4.0,4,4,5.0,4,5.0,4,4,4,4.0,Success
Set 3 Page 2 (50 OMR)_page25,Set 3 Page 2 (50 OMR).pdf,25,Good,200175,3.0,5.0,4.0,4,5.0,4,5,5.0,4,5.0,4,4,3,4.0,Success
Set 3 Page 2 (50 OMR)_page26,Set 3 Page 2 (50 OMR).pdf,26,Good,200176,4.0,5.0,5.0,5,4.0,4,3,5.0,2,4.0,4,4,5,4.0,Success
Set 3 Page 2 (50 OMR)_page27,Set 3 Page 2 (50 OMR).pdf,27,Good,200177,5.0,3.0,5.0,5,3.0,4,2,4.0,4,2.0,4,5,5,5.0,Success
Set 3 Page 2 (50 OMR)_page28,Set 3 Page 2 (50 OMR).pdf,28,Good,200178,3.0,2.0,1.0,4,1.0,3,5,4.0,2,2.0,3,2,1,3.0,Success
Set 3 Page 2 (50 OMR)_page29,Set 3 Page 2 (50 OMR).pdf,29,Good,200179,3.0,3.0,5.0,5,5.0,3,4,5.0,4,3.0,4,3,4,5.0,Success
Set 3 Page 2 (50 OMR)_page30,Set 3 Page 2 (50 OMR).pdf,30,Good,200180,2.0,3.0,1.0,3,5.0,3,1,3.0,4,3.0,2,3,1,1.0,Success
Set 3 Page 2 (50 OMR)_page31,Set 3 Page 2 (50 OMR).pdf,31,Good,200181,5.0,4.0,4.0,4,5.0,5,4,3.0,4,5.0,5,4,3,4.0,Success
Set 3 Page 2 (50 OMR)_page32,Set 3 Page 2 (50 OMR).pdf,32,Good,200182,2.0,5.0,5.0,5,4.0,1,5,2.0,3,5.0,4,1,5,,Success
Set 3 Page 2 (50 OMR)_page33,Set 3 Page 2 (50 OMR).pdf,33,Good,200183,5.0,3.0,3.0,4,5.0,4,3,5.0,5,2.0,1,2,3,5.0,Success
Set 3 Page 2 (50 OMR)_page35,Set 3 Page 2 (50 OMR).pdf,35,Good,200184,,5.0,1.0,5,5.0,1,5,5.0,3,4.0,5,3,4,4.0,Success
Set 3 Page 2 (50 OMR)_page36,Set 3 Page 2 (50 OMR).pdf,36,Good,200185,4.0,5.0,4.0,5,5.0,3,4,3.0,4,3.0,1,3,1,2.0,Success
Set 3 Page 2 (50 OMR)_page34,Set 3 Page 2 (50 OMR).pdf,34,Good,200186,3.0,4.0,3.0,5,4.0,1,3,5.0,4,3.0,4,4,5,4.0,Success
Set 3 Page 2 (50 OMR)_page37,Set 3 Page 2 (50 OMR).pdf,37,Good,200187,5.0,4.0,5.0,4,3.0,4,3,5.0,3,3.0,4,5,3,4.0,Success
Set 3 Page 2 (50 OMR)_page38,Set 3 Page 2 (50 OMR).pdf,38,Good,200188,2.0,2.0,1.0,1,1.0,3,5,5.0,2,2.0,1,3,5,5.0,Success
Set 3 Page 2 (50 OMR)_page39,Set 3 Page 2 (50 OMR).pdf,39,Good,200189,3.0,1.0,2.0,3,3.0,4,4,5.0,5,1.0,1,5,5,5.0,Success
Set 3 Page 2 (50 OMR)_page40,Set 3 Page 2 (50 OMR).pdf,40,Good,200190,4.0,3.0,3.0,4,4.0,5,3,4.0,5,5.0,5,1,3,3.0,Success
Set 3 Page 2 (50 OMR)_page41,Set 3 Page 2 (50 OMR).pdf,41,Good,200191,3.0,3.0,5.0,3,5.0,4,5,1.0,1,1.0,1,3,4,1.0,Success
Set 3 Page 2 (50 OMR)_page42,Set 3 Page 2 (50 OMR).pdf,42,Good,200192,5.0,1.0,4.0,5,5.0,5,4,5.0,4,3.0,4,2,5,,Success
Set 3 Page 2 (50 OMR)_page43,Set 3 Page 2 (50 OMR).pdf,43,Good,200193,3.0,2.0,4.0,3,3.0,2,3,4.0,2,4.0,5,4,5,1.0,Success
Set 3 Page 2 (50 OMR)_page44,Set 3 Page 2 (50 OMR).pdf,44,Good,200194,4.0,5.0,5.0,4,4.0,4,3,2.0,3,4.0,5,4,4,,Success
Set 3 Page 2 (50 OMR)_page45,Set 3 Page 2 (50 OMR).pdf,45,Good,200195,1.0,5.0,4.0,5,4.0,3,5,5.0,5,4.0,5,3,1,,Success
Set 3 Page 2 (50 OMR)_page46,Set 3 Page 2 (50 OMR).pdf,46,Good,200196,4.0,3.0,4.0,5,1.0,1,2,5.0,1,5.0,1,5,3,,Success
Set 3 Page 2 (50 OMR)_page47,Set 3 Page 2 (50 OMR).pdf,47,Good,200197,4.0,4.0,5.0,4,5.0,4,3,5.0,5,5.0,3,4,4,5.0,Success
Set 3 Page 2 (50 OMR)_page48,Set 3 Page 2 (50 OMR).pdf,48,Good,200198,4.0,5.0,3.0,5,5.0,4,2,5.0,5,3.0,5,1,5,5.0,Success
Set 3 Page 2 (50 OMR)_page49,Set 3 Page 2 (50 OMR).pdf,49,Good,200199,3.0,5.0,3.0,5,5.0,4,4,2.0,3,2.0,2,3,3,,Success
Set 3 Page 2 (50 OMR)_page50,Set 3 Page 2 (50 OMR).pdf,50,Good,200200,3.0,4.0,3.0,5,5.0,4,3,4.0,4,4.0,3,4,5,4.0,Success
Set 4 Page 2 (100 OMR)_page1,Set 4 Page 2 (100 OMR).pdf,1,Good,200201,5.0,5.0,5.0,4,3.0,5,3,3.0,4,5.0,4,4,3,4.0,Success
Set 4 Page 2 (100 OMR)_page2,Set 4 Page 2 (100 OMR).pdf,2,Good,200202,3.0,3.0,5.0,3,3.0,2,4,3.0,4,4.0,4,4,4,,Success
Set 4 Page 2 (100 OMR)_page3,Set 4 Page 2 (100 OMR).pdf,3,Good,200203,3.0,5.0,4.0,5,5.0,1,1,2.0,1,5.0,3,5,1,5.0,Success
Set 4 Page 2 (100 OMR)_page4,Set 4 Page 2 (100 OMR).pdf,4,Good,200204,4.0,1.0,4.0,5,3.0,4,1,,1,1.0,4,5,3,,Success
Set 4 Page 2 (100 OMR)_page5,Set 4 Page 2 (100 OMR).pdf,5,Good,200205,4.0,2.0,3.0,5,4.0,5,4,2.0,5,2.0,1,2,3,2.0,Success
Set 4 Page 2 (100 OMR)_page6,Set 4 Page 2 (100 OMR).pdf,6,Good,200206,2.0,4.0,2.0,5,4.0,1,4,4.0,4,1.0,3,3,4,4.0,Success
Set 4 Page 2 (100 OMR)_page7,Set 4 Page 2 (100 OMR).pdf,7,Good,200207,4.0,2.0,3.0,1,4.0,4,5,3.0,4,1.0,3,2,4,,Success
Set 4 Page 2 (100 OMR)_page8,Set 4 Page 2 (100 OMR).pdf,8,Good,200208,3.0,1.0,5.0,3,2.0,3,2,1.0,4,1.0,2,3,2,,Success
Set 4 Page 2 (100 OMR)_page9,Set 4 Page 2 (100 OMR).pdf,9,Good,200209,4.0,3.0,4.0,4,,5,4,,3,3.0,4,3,3,3.0,Success
Set 4 Page 2 (100 OMR)_page10,Set 4 Page 2 (100 OMR).pdf,10,Good,200210,4.0,5.0,3.0,5,4.0,1,5,2.0,4,3.0,4,2,4,5.0,Success
Set 4 Page 2 (100 OMR)_page11,Set 4 Page 2 (100 OMR).pdf,11,Good,200211,3.0,4.0,3.0,4,5.0,4,3,2.0,4,5.0,3,5,2,3.0,Success
Set 4 Page 2 (100 OMR)_page12,Set 4 Page 2 (100 OMR).pdf,12,Good,200212,4.0,3.0,4.0,5,5.0,3,4,4.0,3,3.0,4,3,3,3.0,Success
Set 4 Page 2 (100 OMR)_page13,Set 4 Page 2 (100 OMR).pdf,13,Good,200213,4.0,3.0,4.0,5,5.0,3,4,4.0,3,3.0,4,3,3,3.0,Success
Set 4 Page 2 (100 OMR)_page14,Set 4 Page 2 (100 OMR).pdf,14,Good,200214,5.0,5.0,4.0,5,,3,4,,3,4.0,4,4,4,,Success
Set 4 Page 2 (100 OMR)_page15,Set 4 Page 2 (100 OMR).pdf,15,Good,200215,2.0,1.0,3.0,1,5.0,5,1,5.0,2,5.0,5,3,3,5.0,Success
Set 4 Page 2 (100 OMR)_page18,Set 4 Page 2 (100 OMR).pdf,18,Good,200216,2.0,3.0,4.0,1,1.0,1,3,,4,1.0,1,1,3,,Success
Set 4 Page 2 (100 OMR)_page16,Set 4 Page 2 (100 OMR).pdf,16,Good,200216,4.0,4.0,3.0,2,4.0,3,2,3.0,4,5.0,2,3,4,,Success
Set 4 Page 2 (100 OMR)_page17,Set 4 Page 2 (100 OMR).pdf,17,Good,200217,5.0,4.0,5.0,1,3.0,5,4,4.0,4,5.0,3,3,3,5.0,Success
Set 4 Page 2 (100 OMR)_page19,Set 4 Page 2 (100 OMR).pdf,19,Good,200219,4.0,5.0,2.0,4,5.0,5,5,5.0,1,3.0,5,4,3,5.0,Success
Set 4 Page 2 (100 OMR)_page20,Set 4 Page 2 (100 OMR).pdf,20,Good,200220,4.0,3.0,3.0,2,1.0,2,3,2.0,3,1.0,1,1,3,2.0,Success
Set 4 Page 2 (100 OMR)_page21,Set 4 Page 2 (100 OMR).pdf,21,Good,200221,5.0,5.0,3.0,1,,3,5,5.0,3,2.0,1,3,4,,Success
Set 4 Page 2 (100 OMR)_page22,Set 4 Page 2 (100 OMR).pdf,22,Good,200222,4.0,2.0,4.0,1,2.0,5,2,3.0,1,2.0,3,1,4,,Success
Set 4 Page 2 (100 OMR)_page23,Set 4 Page 2 (100 OMR).pdf,23,Good,200223,2.0,3.0,2.0,4,4.0,2,1,5.0,3,3.0,2,4,4,2.0,Success
Set 4 Page 2 (100 OMR)_page24,Set 4 Page 2 (100 OMR).pdf,24,Good,200224,4.0,1.0,4.0,5,3.0,2,4,4.0,3,2.0,1,3,2,3.0,Success
Set 4 Page 2 (100 OMR)_page25,Set 4 Page 2 (100 OMR).pdf,25,Good,200225,3.0,4.0,4.0,5,5.0,3,4,2.0,5,3.0,4,3,3,,Success
Set 4 Page 2 (100 OMR)_page26,Set 4 Page 2 (100 OMR).pdf,26,Good,200226,3.0,4.0,3.0,5,5.0,5,4,5.0,4,5.0,5,5,5,4.0,Success
Set 4 Page 2 (100 OMR)_page27,Set 4 Page 2 (100 OMR).pdf,27,Good,200227,3.0,5.0,5.0,4,4.0,5,4,3.0,3,3.0,5,4,4,4.0,Success
Set 4 Page 2 (100 OMR)_page28,Set 4 Page 2 (100 OMR).pdf,28,Good,200228,3.0,4.0,5.0,4,5.0,4,4,5.0,3,3.0,5,4,3,,Success
Set 4 Page 2 (100 OMR)_page29,Set 4 Page 2 (100 OMR).pdf,29,Good,200229,1.0,3.0,4.0,2,1.0,4,3,5.0,3,2.0,3,1,2,,Success
Set 4 Page 2 (100 OMR)_page30,Set 4 Page 2 (100 OMR).pdf,30,Good,200230,2.0,4.0,2.0,5,5.0,4,2,1.0,5,1.0,2,5,2,4.0,Success
Set 4 Page 2 (100 OMR)_page32,Set 4 Page 2 (100 OMR).pdf,32,Good,200232,3.0,5.0,5.0,5,3.0,3,5,3.0,5,4.0,2,1,3,,Success
Set 4 Page 2 (100 OMR)_page33,Set 4 Page 2 (100 OMR).pdf,33,Good,200233,4.0,5.0,3.0,5,5.0,5,4,5.0,3,5.0,3,4,3,3.0,Success
Set 4 Page 2 (100 OMR)_page34,Set 4 Page 2 (100 OMR).pdf,34,Good,200234,1.0,3.0,2.0,3,5.0,5,5,3.0,1,3.0,3,5,1,,Success
Set 4 Page 2 (100 OMR)_page35,Set 4 Page 2 (100 OMR).pdf,35,Good,200235,5.0,5.0,5.0,5,5.0,5,5,5.0,5,5.0,5,5,5,,Success
Set 4 Page 2 (100 OMR)_page36,Set 4 Page 2 (100 OMR).pdf,36,Good,200236,5.0,4.0,5.0,4,4.0,5,4,4.0,5,3.0,4,3,3,4.0,Success
Set 4 Page 2 (100 OMR)_page37,Set 4 Page 2 (100 OMR).pdf,37,Good,200237,4.0,5.0,5.0,5,5.0,4,5,3.0,2,1.0,4,1,5,,Success
Set 4 Page 2 (100 OMR)_page38,Set 4 Page 2 (100 OMR).pdf,38,Good,200238,1.0,3.0,4.0,4,3.0,5,5,5.0,3,3.0,1,3,3,1.0,Success
Set 4 Page 2 (100 OMR)_page39,Set 4 Page 2 (100 OMR).pdf,39,Good,200239,5.0,4.0,3.0,4,3.0,5,3,5.0,2,2.0,2,4,4,5.0,Success
Set 4 Page 2 (100 OMR)_page40,Set 4 Page 2 (100 OMR).pdf,40,Good,200240,3.0,4.0,3.0,4,4.0,4,3,3.0,4,2.0,3,3,3,4.0,Success
Set 4 Page 2 (100 OMR)_page41,Set 4 Page 2 (100 OMR).pdf,41,Good,200241,5.0,5.0,5.0,4,5.0,4,5,5.0,4,4.0,4,5,4,4.0,Success
Set 4 Page 2 (100 OMR)_page42,Set 4 Page 2 (100 OMR).pdf,42,Good,200242,4.0,4.0,5.0,5,5.0,5,4,,4,,3,5,5,,Success
Set 4 Page 2 (100 OMR)_page43,Set 4 Page 2 (100 OMR).pdf,43,Good,200243,2.0,2.0,5.0,4,5.0,5,2,2.0,5,5.0,4,5,5,5.0,Success
Set 4 Page 2 (100 OMR)_page44,Set 4 Page 2 (100 OMR).pdf,44,Good,200244,4.0,5.0,4.0,4,1.0,3,3,4.0,2,1.0,2,5,4,,Success
Set 4 Page 2 (100 OMR)_page45,Set 4 Page 2 (100 OMR).pdf,45,Good,200245,4.0,3.0,5.0,3,5.0,3,2,5.0,4,1.0,4,1,3,3.0,Success
Set 4 Page 2 (100 OMR)_page46,Set 4 Page 2 (100 OMR).pdf,46,Good,200246,1.0,3.0,4.0,5,3.0,4,3,4.0,5,3.0,5,4,4,,Success
Set 4 Page 2 (100 OMR)_page47,Set 4 Page 2 (100 OMR).pdf,47,Good,200247,1.0,3.0,5.0,5,5.0,4,3,2.0,1,4.0,5,4,3,1.0,Success
Set 4 Page 2 (100 OMR)_page48,Set 4 Page 2 (100 OMR).pdf,48,Good,200248,5.0,4.0,5.0,5,4.0,4,5,4.0,5,5.0,3,3,5,5.0,Success
Set 4 Page 2 (100 OMR)_page49,Set 4 Page 2 (100 OMR).pdf,49,Good,200249,5.0,4.0,5.0,4,4.0,5,3,3.0,5,4.0,3,5,2,3.0,Success
Set 4 Page 2 (100 OMR)_page50,Set 4 Page 2 (100 OMR).pdf,50,Good,200250,1.0,3.0,4.0,2,3.0,5,5,5.0,3,1.0,3,3,2,,Success
Set 4 Page 2 (100 OMR)_page51,Set 4 Page 2 (100 OMR).pdf,51,Good,200251,,5.0,4.0,1,1.0,2,3,3.0,3,5.0,2,4,5,1.0,Success
Set 4 Page 2 (100 OMR)_page52,Set 4 Page 2 (100 OMR).pdf,52,Good,200252,4.0,5.0,4.0,5,4.0,5,1,4.0,5,4.0,5,4,5,,Success
Set 4 Page 2 (100 OMR)_page53,Set 4 Page 2 (100 OMR).pdf,53,Good,200253,1.0,3.0,1.0,3,5.0,1,4,2.0,1,2.0,1,3,4,3.0,Success
Set 4 Page 2 (100 OMR)_page54,Set 4 Page 2 (100 OMR).pdf,54,Good,200254,5.0,4.0,4.0,5,5.0,2,5,,3,3.0,1,1,3,,Success
Set 4 Page 2 (100 OMR)_page55,Set 4 Page 2 (100 OMR).pdf,55,Good,200255,4.0,4.0,3.0,5,5.0,5,3,5.0,5,3.0,3,4,5,,Success
Set 4 Page 2 (100 OMR)_page56,Set 4 Page 2 (100 OMR).pdf,56,Good,200257,,5.0,5.0,4,5.0,3,4,5.0,4,4.0,4,5,4,5.0,Success
Set 4 Page 2 (100 OMR)_page57,Set 4 Page 2 (100 OMR).pdf,57,Good,200258,4.0,5.0,4.0,5,4.0,3,2,5.0,2,4.0,1,5,5,2.0,Success
Set 4 Page 2 (100 OMR)_page58,Set 4 Page 2 (100 OMR).pdf,58,Good,200259,4.0,3.0,2.0,5,4.0,5,5,1.0,3,3.0,3,2,2,,Success
Set 4 Page 2 (100 OMR)_page59,Set 4 Page 2 (100 OMR).pdf,59,Good,200260,3.0,3.0,4.0,4,4.0,4,3,4.0,5,5.0,5,5,4,5.0,Success
Set 4 Page 2 (100 OMR)_page60,Set 4 Page 2 (100 OMR).pdf,60,Good,200261,4.0,1.0,3.0,3,3.0,3,3,4.0,5,3.0,3,3,3,3.0,Success
Set 4 Page 2 (100 OMR)_page61,Set 4 Page 2 (100 OMR).pdf,61,Good,200262,2.0,4.0,5.0,4,3.0,4,3,5.0,4,1.0,2,5,3,3.0,Success
Set 4 Page 2 (100 OMR)_page62,Set 4 Page 2 (100 OMR).pdf,62,Good,200263,4.0,4.0,4.0,3,4.0,4,5,5.0,4,5.0,5,5,4,3.0,Success
Set 4 Page 2 (100 OMR)_page63,Set 4 Page 2 (100 OMR).pdf,63,Good,200264,3.0,2.0,5.0,4,3.0,4,5,5.0,3,3.0,5,4,5,,Success
Set 4 Page 2 (100 OMR)_page64,Set 4 Page 2 (100 OMR).pdf,64,Good,200265,3.0,4.0,2.0,4,5.0,2,4,5.0,3,2.0,3,4,1,4.0,Success
Set 4 Page 2 (100 OMR)_page65,Set 4 Page 2 (100 OMR).pdf,65,Good,200266,5.0,4.0,5.0,4,5.0,5,4,5.0,5,3.0,3,5,3,4.0,Success
Set 4 Page 2 (100 OMR)_page66,Set 4 Page 2 (100 OMR).pdf,66,Good,200267,4.0,4.0,4.0,5,5.0,4,5,5.0,4,2.0,4,5,4,5.0,Success
Set 4 Page 2 (100 OMR)_page67,Set 4 Page 2 (100 OMR).pdf,67,Good,200268,5.0,5.0,3.0,5,5.0,5,5,5.0,3,1.0,3,1,1,3.0,Success
Set 4 Page 2 (100 OMR)_page68,Set 4 Page 2 (100 OMR).pdf,68,Good,200269,5.0,2.0,1.0,3,,5,5,,4,1.0,5,5,1,4.0,Success
Set 4 Page 2 (100 OMR)_page69,Set 4 Page 2 (100 OMR).pdf,69,Good,200270,5.0,5.0,1.0,5,4.0,5,5,4.0,5,5.0,4,5,5,1.0,Success
Set 4 Page 2 (100 OMR)_page70,Set 4 Page 2 (100 OMR).pdf,70,Good,200271,3.0,4.0,4.0,2,3.0,5,4,5.0,1,3.0,3,5,4,2.0,Success
Set 4 Page 2 (100 OMR)_page71,Set 4 Page 2 (100 OMR).pdf,71,Good,200272,3.0,1.0,1.0,5,5.0,5,5,3.0,5,5.0,5,3,5,,Success
Set 4 Page 2 (100 OMR)_page72,Set 4 Page 2 (100 OMR).pdf,72,Good,200273,2.0,5.0,4.0,4,5.0,4,4,3.0,4,3.0,3,5,3,4.0,Success
Set 4 Page 2 (100 OMR)_page73,Set 4 Page 2 (100 OMR).pdf,73,Good,200274,,4.0,4.0,4,4.0,3,2,4.0,3,4.0,3,5,2,3.0,Success
Set 4 Page 2 (100 OMR)_page74,Set 4 Page 2 (100 OMR).pdf,74,Good,200275,3.0,4.0,5.0,5,5.0,5,3,5.0,4,3.0,4,5,3,5.0,Success
Set 4 Page 2 (100 OMR)_page75,Set 4 Page 2 (100 OMR).pdf,75,Good,200276,3.0,1.0,2.0,5,3.0,2,4,5.0,5,5.0,1,4,4,4.0,Success
Set 4 Page 2 (100 OMR)_page76,Set 4 Page 2 (100 OMR).pdf,76,Good,200277,2.0,5.0,5.0,5,4.0,3,4,,1,2.0,3,3,5,,Success
Set 4 Page 2 (100 OMR)_page77,Set 4 Page 2 (100 OMR).pdf,77,Good,200278,4.0,5.0,3.0,5,1.0,1,3,,1,2.0,4,3,3,,Success
Set 4 Page 2 (100 OMR)_page78,Set 4 Page 2 (100 OMR).pdf,78,Good,200279,5.0,4.0,5.0,4,4.0,5,2,4.0,5,3.0,4,4,3,4.0,Success
Set 4 Page 2 (100 OMR)_page79,Set 4 Page 2 (100 OMR).pdf,79,Good,200280,1.0,5.0,3.0,5,1.0,1,4,2.0,5,5.0,5,4,1,,Success
Set 4 Page 2 (100 OMR)_page80,Set 4 Page 2 (100 OMR).pdf,80,Good,200281,3.0,5.0,4.0,5,4.0,2,1,3.0,5,1.0,1,4,2,5.0,Success
Set 4 Page 2 (100 OMR)_page81,Set 4 Page 2 (100 OMR).pdf,81,Good,200282,4.0,5.0,5.0,5,5.0,5,3,5.0,5,5.0,4,5,3,5.0,Success
Set 4 Page 2 (100 OMR)_page82,Set 4 Page 2 (100 OMR).pdf,82,Good,200283,4.0,4.0,4.0,3,5.0,4,5,4.0,2,2.0,5,3,3,4.0,Success
Set 4 Page 2 (100 OMR)_page83,Set 4 Page 2 (100 OMR).pdf,83,Good,200284,3.0,1.0,3.0,1,4.0,2,4,2.0,1,2.0,5,3,4,3.0,Success
Set 4 Page 2 (100 OMR)_page84,Set 4 Page 2 (100 OMR).pdf,84,Good,200285,5.0,4.0,4.0,5,4.0,3,5,4.0,3,2.0,1,3,5,,Success
Set 4 Page 2 (100 OMR)_page85,Set 4 Page 2 (100 OMR).pdf,85,Good,200286,2.0,4.0,5.0,4,5.0,3,4,5.0,4,2.0,1,1,3,4.0,Success
Set 4 Page 2 (100 OMR)_page86,Set 4 Page 2 (100 OMR).pdf,86,Good,200287,,5.0,3.0,1,,3,5,4.0,4,3.0,5,4,3,2.0,Success
Set 4 Page 2 (100 OMR)_page87,Set 4 Page 2 (100 OMR).pdf,87,Good,200288,3.0,2.0,2.0,4,3.0,2,3,5.0,2,2.0,3,4,2,3.0,Success
Set 4 Page 2 (100 OMR)_page88,Set 4 Page 2 (100 OMR).pdf,88,Good,200289,5.0,5.0,3.0,5,5.0,3,5,4.0,4,3.0,4,3,3,3.0,Success
Set 4 Page 2 (100 OMR)_page89,Set 4 Page 2 (100 OMR).pdf,89,Good,200290,3.0,5.0,3.0,4,5.0,4,4,4.0,5,5.0,4,4,3,4.0,Success
Set 4 Page 2 (100 OMR)_page90,Set 4 Page 2 (100 OMR).pdf,90,Good,200291,3.0,5.0,4.0,5,2.0,3,3,5.0,2,5.0,3,5,2,2.0,Success
Set 4 Page 2 (100 OMR)_page91,Set 4 Page 2 (100 OMR).pdf,91,Good,200292,,3.0,1.0,3,3.0,3,4,2.0,3,1.0,3,3,3,3.0,Success
Set 4 Page 2 (100 OMR)_page92,Set 4 Page 2 (100 OMR).pdf,92,Good,200293,,1.0,1.0,3,,3,3,5.0,3,2.0,1,2,2,1.0,Success
Set 4 Page 2 (100 OMR)_page93,Set 4 Page 2 (100 OMR).pdf,93,Good,200294,,5.0,3.0,4,1.0,5,2,5.0,1,3.0,1,5,1,4.0,Success
Set 4 Page 2 (100 OMR)_page94,Set 4 Page 2 (100 OMR).pdf,94,Good,200295,,2.0,1.0,3,4.0,5,3,2.0,3,2.0,4,1,1,5.0,Success
Set 4 Page 2 (100 OMR)_page95,Set 4 Page 2 (100 OMR).pdf,95,Good,200296,4.0,5.0,4.0,4,2.0,4,5,3.0,2,3.0,4,3,5,,Success
Set 4 Page 2 (100 OMR)_page96,Set 4 Page 2 (100 OMR).pdf,96,Good,200297,3.0,5.0,5.0,5,4.0,1,3,2.0,5,4.0,2,3,3,4.0,Success
Set 4 Page 2 (100 OMR)_page97,Set 4 Page 2 (100 OMR).pdf,97,Good,200298,5.0,5.0,3.0,5,5.0,3,1,2.0,4,3.0,4,5,3,,Success
Set 4 Page 2 (100 OMR)_page98,Set 4 Page 2 (100 OMR).pdf,98,Good,200299,4.0,3.0,3.0,5,4.0,5,3,5.0,3,3.0,5,5,5,5.0,Success
Set 4 Page 2 (100 OMR)_page99,Set 4 Page 2 (100 OMR).pdf,99,Good,200300,5.0,3.0,4.0,5,5.0,3,2,5.0,1,3.0,3,1,1,3.0,Success
Set 5 Page 2 (147 OMR)_page1,Set 5 Page 2 (147 OMR).pdf,1,Good,200301,3.0,5.0,5.0,5,5.0,4,4,4.0,4,5.0,5,5,4,5.0,Success
Set 5 Page 2 (147 OMR)_page2,Set 5 Page 2 (147 OMR).pdf,2,Good,200302,3.0,5.0,5.0,4,5.0,3,2,4.0,1,5.0,2,4,1,3.0,Success
Set 5 Page 2 (147 OMR)_page3,Set 5 Page 2 (147 OMR).pdf,3,Good,200303,,5.0,5.0,5,5.0,4,4,4.0,3,5.0,3,5,4,4.0,Success
Set 5 Page 2 (147 OMR)_page4,Set 5 Page 2 (147 OMR).pdf,4,Good,200304,4.0,5.0,3.0,5,4.0,5,4,4.0,3,4.0,5,4,3,3.0,Success
Set 5 Page 2 (147 OMR)_page5,Set 5 Page 2 (147 OMR).pdf,5,Good,200305,4.0,4.0,4.0,5,4.0,3,4,5.0,5,3.0,4,4,3,4.0,Success
Set 5 Page 2 (147 OMR)_page6,Set 5 Page 2 (147 OMR).pdf,6,Good,200306,4.0,3.0,4.0,5,4.0,3,4,5.0,5,3.0,4,4,3,4.0,Success
Set 5 Page 2 (147 OMR)_page7,Set 5 Page 2 (147 OMR).pdf,7,Good,200307,4.0,3.0,2.0,5,5.0,3,4,4.0,1,5.0,4,5,3,5.0,Success
Set 5 Page 2 (147 OMR)_page8,Set 5 Page 2 (147 OMR).pdf,8,Good,200308,3.0,4.0,3.0,4,5.0,4,3,5.0,3,4.0,2,3,3,4.0,Success
Set 5 Page 2 (147 OMR)_page9,Set 5 Page 2 (147 OMR).pdf,9,Good,200309,1.0,1.0,5.0,5,5.0,4,5,5.0,4,3.0,1,1,5,,Success
Set 5 Page 2 (147 OMR)_page10,Set 5 Page 2 (147 OMR).pdf,10,Good,200310,1.0,3.0,1.0,3,5.0,2,4,2.0,1,2.0,2,3,2,2.0,Success
Set 5 Page 2 (147 OMR)_page11,Set 5 Page 2 (147 OMR).pdf,11,Good,200311,4.0,2.0,5.0,5,4.0,3,2,5.0,3,1.0,4,4,2,,Success
Set 5 Page 2 (147 OMR)_page12,Set 5 Page 2 (147 OMR).pdf,12,Good,200312,5.0,5.0,5.0,5,5.0,4,5,5.0,5,5.0,4,4,5,5.0,Success
Set 5 Page 2 (147 OMR)_page13,Set 5 Page 2 (147 OMR).pdf,13,Good,200313,,1.0,5.0,5,5.0,5,4,5.0,5,4.0,5,5,4,5.0,Success
Set 5 Page 2 (147 OMR)_page14,Set 5 Page 2 (147 OMR).pdf,14,Good,200314,,5.0,5.0,5,5.0,4,4,5.0,4,4.0,5,5,5,4.0,Success
Set 5 Page 2 (147 OMR)_page15,Set 5 Page 2 (147 OMR).pdf,15,Good,200315,,2.0,5.0,5,5.0,5,5,5.0,4,5.0,5,5,5,5.0,Success
Set 5 Page 2 (147 OMR)_page16,Set 5 Page 2 (147 OMR).pdf,16,Good,200316,3.0,2.0,5.0,3,2.0,5,3,2.0,4,5.0,3,1,1,4.0,Success
Set 5 Page 2 (147 OMR)_page17,Set 5 Page 2 (147 OMR).pdf,17,Good,200317,4.0,3.0,5.0,4,5.0,5,4,5.0,4,3.0,3,5,4,5.0,Success
Set 5 Page 2 (147 OMR)_page18,Set 5 Page 2 (147 OMR).pdf,18,Good,200318,3.0,4.0,3.0,5,5.0,4,3,5.0,3,4.0,5,4,4,5.0,Success
Set 5 Page 2 (147 OMR)_page19,Set 5 Page 2 (147 OMR).pdf,19,Good,200319,,2.0,4.0,5,5.0,4,3,4.0,5,3.0,3,5,5,4.0,Success
Set 5 Page 2 (147 OMR)_page20,Set 5 Page 2 (147 OMR).pdf,20,Good,200320,,4.0,3.0,4,3.0,4,4,4.0,5,2.0,4,4,4,4.0,Success
Set 5 Page 2 (147 OMR)_page21,Set 5 Page 2 (147 OMR).pdf,21,Good,200321,,5.0,4.0,5,5.0,3,2,3.0,2,3.0,4,2,3,5.0,Success
Set 5 Page 2 (147 OMR)_page22,Set 5 Page 2 (147 OMR).pdf,22,Good,200322,,3.0,4.0,4,4.0,3,3,4.0,5,5.0,3,5,3,3.0,Success
Set 5 Page 2 (147 OMR)_page23,Set 5 Page 2 (147 OMR).pdf,23,Good,200323,3.0,4.0,2.0,5,4.0,1,3,4.0,3,5.0,3,5,4,,Success
Set 5 Page 2 (147 OMR)_page24,Set 5 Page 2 (147 OMR).pdf,24,Good,200324,3.0,4.0,3.0,4,5.0,5,3,4.0,3,5.0,4,4,3,4.0,Success
Set 5 Page 2 (147 OMR)_page25,Set 5 Page 2 (147 OMR).pdf,25,Good,200325,5.0,4.0,5.0,5,4.0,2,5,5.0,4,4.0,1,5,4,5.0,Success
Set 5 Page 2 (147 OMR)_page26,Set 5 Page 2 (147 OMR).pdf,26,Good,200326,,4.0,4.0,3,2.0,2,1,4.0,5,1.0,2,2,3,3.0,Success
Set 5 Page 2 (147 OMR)_page27,Set 5 Page 2 (147 OMR).pdf,27,Good,200327,3.0,4.0,3.0,5,2.0,4,3,2.0,3,4.0,5,5,4,3.0,Success
Set 5 Page 2 (147 OMR)_page28,Set 5 Page 2 (147 OMR).pdf,28,Good,200328,,3.0,1.0,2,1.0,2,3,2.0,3,2.0,2,3,4,3.0,Success
Set 5 Page 2 (147 OMR)_page29,Set 5 Page 2 (147 OMR).pdf,29,Good,200329,4.0,5.0,4.0,4,5.0,5,3,4.0,5,5.0,4,5,5,5.0,Success
Set 5 Page 2 (147 OMR)_page30,Set 5 Page 2 (147 OMR).pdf,30,Good,200330,3.0,5.0,5.0,5,4.0,4,5,4.0,3,5.0,3,5,3,5.0,Success
Set 5 Page 2 (147 OMR)_page31,Set 5 Page 2 (147 OMR).pdf,31,Good,200331,4.0,5.0,3.0,5,5.0,4,3,5.0,4,4.0,4,5,4,,Success
Set 5 Page 2 (147 OMR)_page32,Set 5 Page 2 (147 OMR).pdf,32,Good,200332,4.0,5.0,4.0,5,3.0,4,4,5.0,4,5.0,4,5,3,5.0,Success
Set 5 Page 2 (147 OMR)_page33,Set 5 Page 2 (147 OMR).pdf,33,Good,200333,4.0,4.0,4.0,3,3.0,5,4,5.0,3,4.0,3,3,4,5.0,Success
Set 5 Page 2 (147 OMR)_page34,Set 5 Page 2 (147 OMR).pdf,34,Good,200334,1.0,3.0,3.0,2,1.0,1,2,4.0,1,2.0,2,1,5,3.0,Success
Set 5 Page 2 (147 OMR)_page35,Set 5 Page 2 (147 OMR).pdf,35,Good,200335,3.0,4.0,4.0,4,5.0,5,4,3.0,4,2.0,4,4,4,5.0,Success
Set 5 Page 2 (147 OMR)_page36,Set 5 Page 2 (147 OMR).pdf,36,Good,200336,5.0,4.0,2.0,5,5.0,4,3,5.0,1,4.0,3,5,5,4.0,Success
Set 5 Page 2 (147 OMR)_page37,Set 5 Page 2 (147 OMR).pdf,37,Good,200337,4.0,3.0,5.0,3,2.0,4,2,3.0,3,5.0,3,5,3,,Success
Set 5 Page 2 (147 OMR)_page38,Set 5 Page 2 (147 OMR).pdf,38,Good,200338,5.0,5.0,3.0,5,5.0,3,4,4.0,5,5.0,3,4,3,,Success
Set 5 Page 2 (147 OMR)_page39,Set 5 Page 2 (147 OMR).pdf,39,Good,200339,,1.0,4.0,5,5.0,5,2,5.0,4,5.0,3,5,5,3.0,Success
Set 5 Page 2 (147 OMR)_page40,Set 5 Page 2 (147 OMR).pdf,40,Good,200340,4.0,5.0,5.0,4,5.0,4,4,5.0,4,5.0,3,3,4,3.0,Success
Set 5 Page 2 (147 OMR)_page41,Set 5 Page 2 (147 OMR).pdf,41,Good,200341,,3.0,4.0,1,5.0,4,5,3.0,4,5.0,4,4,3,2.0,Success
Set 5 Page 2 (147 OMR)_page42,Set 5 Page 2 (147 OMR).pdf,42,Good,200342,4.0,2.0,3.0,5,5.0,4,3,5.0,4,5.0,4,5,4,4.0,Success
Set 5 Page 2 (147 OMR)_page43,Set 5 Page 2 (147 OMR).pdf,43,Good,200343,,1.0,4.0,5,5.0,4,4,5.0,3,3.0,3,4,3,2.0,Success
Set 5 Page 2 (147 OMR)_page44,Set 5 Page 2 (147 OMR).pdf,44,Good,200344,4.0,4.0,4.0,5,3.0,5,3,5.0,5,5.0,3,5,5,5.0,Success
Set 5 Page 2 (147 OMR)_page45,Set 5 Page 2 (147 OMR).pdf,45,Good,200345,5.0,4.0,4.0,5,4.0,5,5,5.0,4,5.0,4,5,5,4.0,Success
Set 5 Page 2 (147 OMR)_page46,Set 5 Page 2 (147 OMR).pdf,46,Good,200346,1.0,2.0,1.0,1,1.0,3,1,2.0,1,3.0,1,2,3,3.0,Success
Set 5 Page 2 (147 OMR)_page47,Set 5 Page 2 (147 OMR).pdf,47,Good,200347,3.0,3.0,3.0,4,5.0,4,4,4.0,2,3.0,4,3,5,3.0,Success
Set 5 Page 2 (147 OMR)_page48,Set 5 Page 2 (147 OMR).pdf,48,Good,200348,3.0,1.0,4.0,5,1.0,1,3,4.0,1,1.0,2,2,1,1.0,Success
Set 5 Page 2 (147 OMR)_page49,Set 5 Page 2 (147 OMR).pdf,49,Good,200349,5.0,5.0,5.0,5,5.0,5,5,5.0,5,5.0,5,5,5,5.0,Success
Set 5 Page 2 (147 OMR)_page50,Set 5 Page 2 (147 OMR).pdf,50,Good,200350,4.0,5.0,2.0,5,5.0,4,4,5.0,4,4.0,2,3,4,5.0,Success
Set 5 Page 2 (147 OMR)_page51,Set 5 Page 2 (147 OMR).pdf,51,Good,200351,,4.0,3.0,5,,4,4,5.0,3,1.0,2,3,4,3.0,Success
Set 5 Page 2 (147 OMR)_page52,Set 5 Page 2 (147 OMR).pdf,52,Good,200352,5.0,5.0,5.0,1,1.0,1,5,1.0,1,1.0,1,5,1,5.0,Success
Set 5 Page 2 (147 OMR)_page53,Set 5 Page 2 (147 OMR).pdf,53,Good,200353,,4.0,3.0,5,5.0,5,4,3.0,5,3.0,5,3,3,5.0,Success
Set 5 Page 2 (147 OMR)_page54,Set 5 Page 2 (147 OMR).pdf,54,Good,200354,4.0,4.0,5.0,1,5.0,3,3,2.0,4,2.0,4,5,5,,Success
Set 5 Page 2 (147 OMR)_page55,Set 5 Page 2 (147 OMR).pdf,55,Good,200355,5.0,5.0,5.0,5,5.0,4,5,5.0,5,4.0,3,4,2,5.0,Success
Set 5 Page 2 (147 OMR)_page56,Set 5 Page 2 (147 OMR).pdf,56,Good,200356,,5.0,3.0,5,5.0,3,4,1.0,1,3.0,3,4,2,3.0,Success
Set 5 Page 2 (147 OMR)_page57,Set 5 Page 2 (147 OMR).pdf,57,Good,200357,4.0,5.0,2.0,5,4.0,4,2,4.0,5,3.0,2,4,2,3.0,Success
Set 5 Page 2 (147 OMR)_page58,Set 5 Page 2 (147 OMR).pdf,58,Good,200358,,3.0,3.0,5,5.0,4,4,4.0,2,4.0,3,5,5,2.0,Success
Set 5 Page 2 (147 OMR)_page59,Set 5 Page 2 (147 OMR).pdf,59,Good,200359,,5.0,2.0,5,3.0,4,3,5.0,3,4.0,3,3,5,2.0,Success
Set 5 Page 2 (147 OMR)_page60,Set 5 Page 2 (147 OMR).pdf,60,Good,200360,,1.0,4.0,5,5.0,5,2,5.0,3,4.0,4,5,3,5.0,Success
Set 5 Page 2 (147 OMR)_page61,Set 5 Page 2 (147 OMR).pdf,61,Good,200361,,4.0,3.0,4,5.0,5,4,5.0,3,4.0,2,4,2,3.0,Success
Set 5 Page 2 (147 OMR)_page62,Set 5 Page 2 (147 OMR).pdf,62,Good,200362,4.0,3.0,5.0,5,5.0,3,3,5.0,4,2.0,3,4,1,5.0,Success
Set 5 Page 2 (147 OMR)_page63,Set 5 Page 2 (147 OMR).pdf,63,Good,200363,,3.0,5.0,4,5.0,5,4,5.0,3,5.0,4,3,2,1.0,Success
Set 5 Page 2 (147 OMR)_page64,Set 5 Page 2 (147 OMR).pdf,64,Good,200364,3.0,3.0,2.0,4,5.0,4,3,3.0,4,5.0,2,5,4,3.0,Success
Set 5 Page 2 (147 OMR)_page65,Set 5 Page 2 (147 OMR).pdf,65,Good,200365,4.0,5.0,3.0,4,3.0,4,4,4.0,5,2.0,5,4,3,3.0,Success
Set 5 Page 2 (147 OMR)_page66,Set 5 Page 2 (147 OMR).pdf,66,Good,200366,4.0,3.0,2.0,3,5.0,4,4,3.0,3,4.0,4,4,3,4.0,Success
Set 5 Page 2 (147 OMR)_page67,Set 5 Page 2 (147 OMR).pdf,67,Good,200367,3.0,5.0,3.0,4,5.0,4,4,4.0,3,4.0,3,5,3,3.0,Success
Set 5 Page 2 (147 OMR)_page68,Set 5 Page 2 (147 OMR).pdf,68,Good,200368,,4.0,1.0,1,3.0,1,1,3.0,4,2.0,5,5,2,5.0,Success
Set 5 Page 2 (147 OMR)_page69,Set 5 Page 2 (147 OMR).pdf,69,Good,200369,3.0,5.0,5.0,4,5.0,4,5,5.0,3,1.0,1,3,4,4.0,Success
Set 5 Page 2 (147 OMR)_page70,Set 5 Page 2 (147 OMR).pdf,70,Good,200370,2.0,5.0,3.0,5,5.0,5,5,4.0,3,3.0,3,5,4,4.0,Success
Set 5 Page 2 (147 OMR)_page71,Set 5 Page 2 (147 OMR).pdf,71,Good,200371,3.0,4.0,3.0,2,1.0,5,3,3.0,1,2.0,3,2,3,,Success
Set 5 Page 2 (147 OMR)_page72,Set 5 Page 2 (147 OMR).pdf,72,Good,200372,3.0,5.0,5.0,4,1.0,5,3,5.0,3,4.0,2,3,5,4.0,Success
Set 5 Page 2 (147 OMR)_page73,Set 5 Page 2 (147 OMR).pdf,73,Good,200373,3.0,2.0,2.0,5,3.0,5,3,5.0,3,5.0,4,2,4,,Success
Set 5 Page 2 (147 OMR)_page74,Set 5 Page 2 (147 OMR).pdf,74,Good,200374,3.0,3.0,4.0,4,5.0,3,2,3.0,3,1.0,3,3,3,4.0,Success
Set 5 Page 2 (147 OMR)_page75,Set 5 Page 2 (147 OMR).pdf,75,Good,200375,,2.0,5.0,5,3.0,4,1,5.0,5,5.0,2,5,4,5.0,Success
Set 5 Page 2 (147 OMR)_page76,Set 5 Page 2 (147 OMR).pdf,76,Good,200376,3.0,5.0,5.0,5,4.0,5,4,5.0,4,5.0,3,5,5,4.0,Success
Set 5 Page 2 (147 OMR)_page77,Set 5 Page 2 (147 OMR).pdf,77,Good,200377,4.0,3.0,4.0,5,5.0,4,3,2.0,5,2.0,4,4,5,4.0,Success
Set 5 Page 2 (147 OMR)_page78,Set 5 Page 2 (147 OMR).pdf,78,Good,200378,5.0,4.0,5.0,5,5.0,5,5,5.0,4,3.0,3,3,5,5.0,Success
Set 5 Page 2 (147 OMR)_page79,Set 5 Page 2 (147 OMR).pdf,79,Good,200379,,3.0,4.0,3,2.0,2,4,1.0,1,2.0,3,2,4,2.0,Success
Set 5 Page 2 (147 OMR)_page80,Set 5 Page 2 (147 OMR).pdf,80,Good,200380,3.0,5.0,3.0,5,5.0,3,4,5.0,4,4.0,4,5,3,4.0,Success
Set 5 Page 2 (147 OMR)_page81,Set 5 Page 2 (147 OMR).pdf,81,Good,200381,4.0,5.0,4.0,5,5.0,4,4,4.0,4,5.0,5,4,3,4.0,Success
Set 5 Page 2 (147 OMR)_page82,Set 5 Page 2 (147 OMR).pdf,82,Good,200382,,5.0,3.0,5,5.0,2,2,5.0,5,3.0,4,5,5,5.0,Success
Set 5 Page 2 (147 OMR)_page83,Set 5 Page 2 (147 OMR).pdf,83,Good,200383,3.0,4.0,5.0,2,4.0,3,5,4.0,4,3.0,5,4,3,,Success
Set 5 Page 2 (147 OMR)_page84,Set 5 Page 2 (147 OMR).pdf,84,Good,200384,4.0,5.0,5.0,4,4.0,4,4,5.0,5,3.0,3,4,4,4.0,Success
Set 5 Page 2 (147 OMR)_page85,Set 5 Page 2 (147 OMR).pdf,85,Good,200385,2.0,2.0,3.0,3,1.0,3,4,5.0,4,5.0,3,4,5,4.0,Success
Set 5 Page 2 (147 OMR)_page86,Set 5 Page 2 (147 OMR).pdf,86,Good,200386,,5.0,4.0,5,3.0,3,2,5.0,4,4.0,5,4,2,4.0,Success
Set 5 Page 2 (147 OMR)_page87,Set 5 Page 2 (147 OMR).pdf,87,Good,200387,2.0,5.0,4.0,3,2.0,4,4,3.0,2,4.0,5,2,5,,Success
Set 5 Page 2 (147 OMR)_page88,Set 5 Page 2 (147 OMR).pdf,88,Good,200388,,1.0,4.0,4,5.0,2,3,4.0,2,2.0,3,3,2,4.0,Success
Set 5 Page 2 (147 OMR)_page89,Set 5 Page 2 (147 OMR).pdf,89,Good,200389,4.0,4.0,2.0,5,5.0,5,5,,4,1.0,4,5,4,,Success
Set 5 Page 2 (147 OMR)_page90,Set 5 Page 2 (147 OMR).pdf,90,Good,200390,4.0,2.0,3.0,5,1.0,2,5,5.0,3,1.0,3,2,3,,Success
Set 5 Page 2 (147 OMR)_page91,Set 5 Page 2 (147 OMR).pdf,91,Good,200391,3.0,4.0,2.0,1,1.0,3,4,1.0,5,4.0,5,1,5,,Success
Set 5 Page 2 (147 OMR)_page92,Set 5 Page 2 (147 OMR).pdf,92,Good,200392,1.0,5.0,1.0,5,5.0,5,4,1.0,5,5.0,1,4,5,,Success
Set 5 Page 2 (147 OMR)_page93,Set 5 Page 2 (147 OMR).pdf,93,Good,200393,4.0,3.0,2.0,5,4.0,3,5,5.0,3,2.0,3,4,4,3.0,Success
Set 5 Page 2 (147 OMR)_page94,Set 5 Page 2 (147 OMR).pdf,94,Good,200394,5.0,4.0,3.0,4,2.0,3,3,5.0,5,2.0,1,4,3,5.0,Success
Set 5 Page 2 (147 OMR)_page95,Set 5 Page 2 (147 OMR).pdf,95,Good,200395,,5.0,4.0,5,5.0,4,3,5.0,3,3.0,2,4,4,2.0,Success
Set 5 Page 2 (147 OMR)_page96,Set 5 Page 2 (147 OMR).pdf,96,Good,200396,1.0,5.0,5.0,4,3.0,4,2,3.0,4,3.0,4,4,1,4.0,Success
Set 5 Page 2 (147 OMR)_page97,Set 5 Page 2 (147 OMR).pdf,97,Good,200397,4.0,4.0,3.0,3,4.0,3,2,3.0,5,2.0,3,1,3,4.0,Success
Set 5 Page 2 (147 OMR)_page98,Set 5 Page 2 (147 OMR).pdf,98,Good,200398,3.0,5.0,4.0,5,5.0,4,4,5.0,4,3.0,5,5,4,4.0,Success
Set 5 Page 2 (147 OMR)_page99,Set 5 Page 2 (147 OMR).pdf,99,Good,200399,4.0,5.0,3.0,4,5.0,5,4,2.0,4,5.0,5,4,4,5.0,Success
Set 5 Page 2 (147 OMR)_page100,Set 5 Page 2 (147 OMR).pdf,100,Good,200400,,1.0,4.0,1,5.0,5,3,2.0,3,2.0,4,2,1,1.0,Success
Set 5 Page 2 (147 OMR)_page101,Set 5 Page 2 (147 OMR).pdf,101,Good,200401,5.0,5.0,4.0,5,3.0,1,1,5.0,2,5.0,3,4,5,,Success
Set 5 Page 2 (147 OMR)_page102,Set 5 Page 2 (147 OMR).pdf,102,Good,200402,4.0,4.0,5.0,5,4.0,3,3,2.0,2,1.0,3,4,2,3.0,Success
Set 5 Page 2 (147 OMR)_page103,Set 5 Page 2 (147 OMR).pdf,103,Good,200403,5.0,4.0,3.0,4,5.0,4,2,5.0,5,4.0,5,2,3,4.0,Success
Set 5 Page 2 (147 OMR)_page104,Set 5 Page 2 (147 OMR).pdf,104,Good,200404,5.0,5.0,5.0,3,4.0,2,4,,2,,3,3,2,,Success
Set 5 Page 2 (147 OMR)_page105,Set 5 Page 2 (147 OMR).pdf,105,Good,200405,5.0,5.0,2.0,1,1.0,5,3,5.0,4,5.0,5,5,5,,Success
Set 5 Page 2 (147 OMR)_page106,Set 5 Page 2 (147 OMR).pdf,106,Good,200406,5.0,5.0,4.0,5,5.0,5,1,5.0,5,5.0,2,4,3,5.0,Success
Set 5 Page 2 (147 OMR)_page107,Set 5 Page 2 (147 OMR).pdf,107,Good,200407,4.0,3.0,2.0,4,4.0,5,1,5.0,1,2.0,5,4,3,2.0,Success
Set 5 Page 2 (147 OMR)_page108,Set 5 Page 2 (147 OMR).pdf,108,Good,200408,4.0,5.0,4.0,5,4.0,4,2,4.0,3,5.0,4,5,3,2.0,Success
Set 5 Page 2 (147 OMR)_page109,Set 5 Page 2 (147 OMR).pdf,109,Good,200409,1.0,5.0,3.0,3,5.0,3,2,3.0,4,5.0,4,3,2,3.0,Success
Set 5 Page 2 (147 OMR)_page110,Set 5 Page 2 (147 OMR).pdf,110,Good,200410,4.0,5.0,3.0,5,5.0,5,4,5.0,4,3.0,5,5,2,3.0,Success
Set 5 Page 2 (147 OMR)_page111,Set 5 Page 2 (147 OMR).pdf,111,Good,200411,5.0,3.0,2.0,4,5.0,2,3,5.0,4,5.0,1,2,3,5.0,Success
Set 5 Page 2 (147 OMR)_page112,Set 5 Page 2 (147 OMR).pdf,112,Good,200412,5.0,3.0,2.0,5,4.0,3,4,5.0,3,2.0,3,4,4,4.0,Success
Set 5 Page 2 (147 OMR)_page113,Set 5 Page 2 (147 OMR).pdf,113,Good,200413,4.0,3.0,5.0,3,4.0,5,5,3.0,5,3.0,5,2,3,5.0,Success
Set 5 Page 2 (147 OMR)_page114,Set 5 Page 2 (147 OMR).pdf,114,Good,200414,5.0,5.0,4.0,4,4.0,3,3,,3,2.0,3,2,4,,Success
Set 5 Page 2 (147 OMR)_page115,Set 5 Page 2 (147 OMR).pdf,115,Good,200415,1.0,1.0,1.0,2,5.0,3,5,1.0,5,3.0,4,3,5,4.0,Success
Set 5 Page 2 (147 OMR)_page116,Set 5 Page 2 (147 OMR).pdf,116,Good,200416,4.0,3.0,4.0,2,4.0,5,1,3.0,4,4.0,4,1,5,4.0,Success
Set 5 Page 2 (147 OMR)_page117,Set 5 Page 2 (147 OMR).pdf,117,Good,200417,,4.0,3.0,4,,5,4,5.0,3,2.0,3,3,3,3.0,Success
Set 5 Page 2 (147 OMR)_page118,Set 5 Page 2 (147 OMR).pdf,118,Good,200418,4.0,3.0,2.0,4,5.0,2,3,5.0,3,2.0,3,3,3,4.0,Success
Set 5 Page 2 (147 OMR)_page119,Set 5 Page 2 (147 OMR).pdf,119,Good,200419,4.0,5.0,5.0,5,5.0,5,4,5.0,4,3.0,3,1,3,4.0,Success
Set 5 Page 2 (147 OMR)_page120,Set 5 Page 2 (147 OMR).pdf,120,Good,200420,,1.0,5.0,5,5.0,4,2,5.0,5,5.0,5,5,5,5.0,Success
Set 5 Page 2 (147 OMR)_page121,Set 5 Page 2 (147 OMR).pdf,121,Good,200421,5.0,3.0,1.0,4,5.0,4,5,5.0,4,1.0,4,2,1,5.0,Success
Set 5 Page 2 (147 OMR)_page122,Set 5 Page 2 (147 OMR).pdf,122,Good,200422,5.0,4.0,2.0,5,5.0,3,5,5.0,2,5.0,4,3,4,5.0,Success
Set 5 Page 2 (147 OMR)_page123,Set 5 Page 2 (147 OMR).pdf,123,Good,200423,5.0,5.0,4.0,5,5.0,5,3,2.0,4,5.0,5,4,2,5.0,Success
Set 5 Page 2 (147 OMR)_page124,Set 5 Page 2 (147 OMR).pdf,124,Good,200424,,1.0,3.0,5,3.0,4,1,3.0,1,4.0,1,4,5,5.0,Success
Set 5 Page 2 (147 OMR)_page125,Set 5 Page 2 (147 OMR).pdf,125,Good,200425,4.0,5.0,5.0,4,5.0,3,4,4.0,3,4.0,3,3,3,5.0,Success
Set 5 Page 2 (147 OMR)_page126,Set 5 Page 2 (147 OMR).pdf,126,Good,200426,1.0,5.0,3.0,4,4.0,4,3,5.0,4,4.0,3,4,3,5.0,Success
Set 5 Page 2 (147 OMR)_page127,Set 5 Page 2 (147 OMR).pdf,127,Good,200427,4.0,3.0,5.0,4,5.0,5,4,5.0,5,5.0,4,5,5,4.0,Success
Set 5 Page 2 (147 OMR)_page128,Set 5 Page 2 (147 OMR).pdf,128,Good,200428,3.0,4.0,2.0,5,4.0,3,5,4.0,3,2.0,3,5,4,2.0,Success
Set 5 Page 2 (147 OMR)_page129,Set 5 Page 2 (147 OMR).pdf,129,Good,200429,3.0,4.0,3.0,5,5.0,4,3,5.0,5,5.0,5,4,3,5.0,Success
Set 5 Page 2 (147 OMR)_page130,Set 5 Page 2 (147 OMR).pdf,130,Good,200430,,3.0,2.0,5,5.0,4,4,5.0,4,3.0,5,4,3,3.0,Success
Set 5 Page 2 (147 OMR)_page131,Set 5 Page 2 (147 OMR).pdf,131,Good,200431,,5.0,5.0,4,5.0,4,3,5.0,3,4.0,3,3,2,4.0,Success
Set 5 Page 2 (147 OMR)_page132,Set 5 Page 2 (147 OMR).pdf,132,Good,200432,3.0,4.0,3.0,5,4.0,5,4,4.0,1,5.0,5,5,4,,Success
Set 5 Page 2 (147 OMR)_page133,Set 5 Page 2 (147 OMR).pdf,133,Good,200433,,5.0,4.0,3,2.0,5,3,5.0,5,2.0,4,1,5,4.0,Success
Set 5 Page 2 (147 OMR)_page134,Set 5 Page 2 (147 OMR).pdf,134,Good,200434,3.0,4.0,4.0,5,5.0,5,4,5.0,3,4.0,4,5,4,5.0,Success
Set 5 Page 2 (147 OMR)_page135,Set 5 Page 2 (147 OMR).pdf,135,Good,200435,3.0,4.0,3.0,5,5.0,3,3,4.0,4,3.0,4,4,3,3.0,Success
Set 5 Page 2 (147 OMR)_page136,Set 5 Page 2 (147 OMR).pdf,136,Good,200436,5.0,3.0,5.0,4,5.0,3,2,5.0,5,1.0,3,3,5,4.0,Success
Set 5 Page 2 (147 OMR)_page137,Set 5 Page 2 (147 OMR).pdf,137,Good,200437,5.0,3.0,5.0,5,3.0,4,5,5.0,5,2.0,5,3,4,4.0,Success
Set 5 Page 2 (147 OMR)_page138,Set 5 Page 2 (147 OMR).pdf,138,Good,200438,5.0,5.0,5.0,5,5.0,5,5,5.0,1,1.0,1,2,3,4.0,Success
Set 5 Page 2 (147 OMR)_page139,Set 5 Page 2 (147 OMR).pdf,139,Good,200439,5.0,3.0,3.0,2,5.0,3,5,5.0,5,1.0,1,3,2,,Success
Set 5 Page 2 (147 OMR)_page140,Set 5 Page 2 (147 OMR).pdf,140,Good,200440,2.0,4.0,5.0,4,5.0,3,4,4.0,5,1.0,2,5,4,3.0,Success
Set 5 Page 2 (147 OMR)_page141,Set 5 Page 2 (147 OMR).pdf,141,Good,200441,4.0,3.0,5.0,5,4.0,4,1,3.0,3,4.0,2,1,4,,Success
Set 5 Page 2 (147 OMR)_page142,Set 5 Page 2 (147 OMR).pdf,142,Good,200442,4.0,5.0,5.0,5,4.0,4,3,5.0,4,4.0,3,5,3,5.0,Success
Set 5 Page 2 (147 OMR)_page143,Set 5 Page 2 (147 OMR).pdf,143,Good,200443,3.0,2.0,4.0,5,5.0,5,5,4.0,5,3.0,2,3,5,2.0,Success
Set 5 Page 2 (147 OMR)_page144,Set 5 Page 2 (147 OMR).pdf,144,Good,200444,5.0,5.0,5.0,5,3.0,4,1,5.0,4,4.0,5,4,5,,Success
Set 5 Page 2 (147 OMR)_page145,Set 5 Page 2 (147 OMR).pdf,145,Good,200445,3.0,5.0,5.0,4,5.0,4,3,3.0,2,3.0,5,3,2,4.0,Success
Set 5 Page 2 (147 OMR)_page146,Set 5 Page 2 (147 OMR).pdf,146,Good,200446,4.0,5.0,4.0,5,3.0,3,2,1.0,3,4.0,5,3,2,,Success
Set 5 Page 2 (147 OMR)_page147,Set 5 Page 2 (147 OMR).pdf,147,Good,200447,,4.0,4.0,3,4.0,5,3,4.0,4,3.0,5,5,4,4.0,Success
Set 4 Page 2 (100 OMR)_page100,Set 4 Page 2 (100 OMR).pdf,100,Good,200448,5.0,5.0,5.0,5,5.0,5,5,5.0,5,5.0,5,5,5,5.0,Success
Set 4 Page 2 (100 OMR)_page31,Set 4 Page 2 (100 OMR).pdf,31,Good,2000231,5.0,3.0,5.0,5,,4,5,,5,2.0,1,5,5,5.0,Success
